u,v,segment,trains_per_week,dist_km,delta_mean_min,demand_disconnected,demand_slower,rail_share_lost,delta_mean_pct
city:2639577,city:2643743,Reading - London,1516,58.829,3.533,0,0.038634,0.032646,0.98841
city:2792413,city:3247449,Liège - Aachen,132,39.655,3.4535,0,0.053418,0.025041,0.96618
city:2886242,city:3247449,Köln - Aachen,132,63.276,3.3077,0,0.052352,0.02408,0.92539
city:2987914,city:2990919,Perpignan - Narbonne,108,54.76,2.9641,0,0.021427,0.0081132,0.82925
city:2987914,city:3122453,Perpignan - Figueres,56,48.253,2.9053,0,0.021447,0.0081333,0.81279
city:3121456,city:3122453,Girona - Figueres,216,33.462,2.9053,0,0.021447,0.0081333,0.81279
city:3121456,city:3128760,Girona - Barcelona,216,86.17,2.8565,0,0.021333,0.0080227,0.79916
city:2642465,city:2643743,Milton Keynes - London,804,73.446,2.8418,0,0.050763,0.014121,0.79502
city:2886242,city:2934246,Köln - Düsseldorf,878,34.367,2.6837,0,0.054201,0.027958,0.75082
city:2792413,city:2800866,Liège - Brussels,132,89.076,2.5246,0,0.053134,0.011722,0.7063
city:2990363,city:2992166,Nîmes - Montpellier,296,46.122,2.3279,0,0.021786,0.0052632,0.65127
city:2642465,city:2652221,Milton Keynes - Coventry,428,65.573,2.3052,0,0.036167,0.01105,0.64491
city:2934246,city:2934691,Düsseldorf - Duisburg,864,23.292,2.2905,0,0.053468,0.02559,0.64079
city:2643743,city:2644668,London - Leicester,432,143.23,2.0586,0,0.027651,0.020895,0.57592
city:2928810,city:2934691,Essen - Duisburg,756,17.335,2.0205,0,0.045703,0.021871,0.56527
city:2800866,city:2988507,Brussels - Paris,278,264.31,1.9339,0,0.026715,0.0057124,0.54105
city:2925535,city:2950159,Frankfurt (Oder) - Berlin,52,79.759,1.8111,0,0.014164,0.012426,0.50667
city:2925535,city:3088171,Frankfurt (Oder) - Poznań,52,161.64,1.8111,0,0.014164,0.012426,0.50667
city:2911240,city:2949186,Hamm - Bielefeld,324,62.727,1.6156,0,0.02731,0.011342,0.45198
city:2910831,city:2949186,Hannover - Bielefeld,324,89.956,1.5727,0,0.02542,0.0096142,0.43999
city:2655603,stn:demo:S0080,Birmingham - Birmingham International,428,12.284,1.5394,0,0.026878,0.0023773,0.43067
city:2652221,stn:demo:S0080,Coventry - Birmingham International,428,15.284,1.5394,0,0.026878,0.0023773,0.43067
city:2643743,city:2800866,London - Brussels,52,320.31,1.4341,0,0.068924,0.014647,0.40121
city:2820256,city:2825297,Ulm - Stuttgart,352,73.561,1.4161,0,0.021664,0.0070871,0.39616
city:2820256,city:2954172,Ulm - Augsburg,352,67.043,1.3546,0,0.021531,0.0070436,0.37898
city:2761369,city:2766429,Vienna - Sankt Pölten,748,54.453,1.3219,0,0.01526,0.007685,0.36982
city:2766429,city:2772400,Sankt Pölten - Linz,748,100.63,1.3219,0,0.01526,0.007685,0.36982
city:3169070,city:3172394,Rome - Naples,766,186.69,1.2558,0.011484,0.006387,0.0063875,0.35132
city:3094170,city:756135,Kutno - Warsaw,212,112.22,1.2478,0,0.0084557,0.0064738,0.34908
city:2643743,city:2988507,London - Paris,132,343.77,1.2342,0,0.044253,0.0012861,0.34529
city:2641598,city:2654675,Newport - Bristol,432,31.457,1.2288,0.01957,0.011209,0.011512,0.34378
city:2867714,city:2954172,Munich - Augsburg,352,56.478,1.2149,0,0.020647,0.0065358,0.33989
city:2806654,city:2950159,Wolfsburg - Berlin,310,178.4,1.1877,0,0.026523,0.0039003,0.33227
city:3165524,city:3173435,Turin - Milan,310,125.48,1.153,0,0.014541,0.0058086,0.32256
city:2892794,city:2973783,Karlsruhe - Strasbourg,84,67.582,1.0813,0,0.022174,0.0032719,0.30252
city:3165524,stn:demo:S0428,Turin - Modane,42,80.824,1.0662,0,0.012217,0.0027064,0.29829
city:3027422,stn:demo:S0428,Chambéry - Modane,42,71.87,1.0662,0,0.012217,0.0027064,0.29829
city:2634739,city:2643743,Warrington - London,188,267.46,0.99653,0,0.0087208,0.0060638,0.27879
city:2892518,city:2923822,Kassel - Fulda,432,85.951,0.94319,0,0.017401,0.0066386,0.26387
city:2510911,city:2519240,Sevilla - Córdoba,240,119.89,0.93752,0.0052871,0.0036014,0.0036014,0.26229
city:2935517,city:2947416,Dortmund - Bochum,324,17.665,0.93674,0,0.036406,0.0070453,0.26207
city:2641598,city:2653822,Newport - Cardiff,432,17.361,0.92753,0.015,0.0084717,0.0087228,0.25949
city:2925533,stn:demo:S0224,Frankfurt am Main - Frankfurt Flughafen Fernbf,592,10.693,0.92309,0,0.021816,0.010172,0.25825
city:2928810,city:2947416,Essen - Bochum,324,14.417,0.92187,0,0.036525,0.0062489,0.25791
city:2892518,city:2918632,Kassel - Göttingen,432,38.53,0.91659,0,0.017155,0.0063738,0.25643
city:2747891,city:2800866,Rotterdam - Brussels,52,119.55,0.90847,0,0.024553,0.013431,0.25416
city:2911240,city:2935517,Hamm - Dortmund,216,30.645,0.89615,0,0.025683,0.0069916,0.25071
city:2522258,city:3124132,Albacete - Cuenca,184,121.59,0.87704,0.0089653,0.0051196,0.0051334,0.24537
city:3176959,city:3181928,Florence - Bologna,752,79.798,0.87684,0,0.013473,0.0035399,0.24531
city:2886242,stn:demo:S0224,Köln - Frankfurt Flughafen Fernbf,376,150.72,0.8533,0,0.029122,0.0056999,0.23872
city:3117735,city:3124132,Madrid - Cuenca,424,138.75,0.84096,0,0.0072915,0.0055771,0.23527
city:2873891,city:2925533,Mannheim - Frankfurt am Main,512,71.378,0.83474,0,0.017113,0.0040042,0.23353
city:2644668,city:2651347,Leicester - Derby,216,39.201,0.82724,0,0.012561,0.0062999,0.23143
city:2973783,city:2988507,Strasbourg - Paris,254,396.96,0.8234,0,0.017278,0.00083623,0.23036
city:2806654,city:2910831,Wolfsburg - Hannover,202,71.377,0.8172,0,0.020414,0.0021657,0.22862
city:2636389,city:2654675,Swindon - Bristol,432,57.585,0.77629,0,0.021073,0.0019207,0.21718
city:2633948,city:2634739,Wigan - Warrington,188,17.144,0.75447,0,0.0070614,0.0044531,0.21108
city:3169070,city:3176959,Rome - Florence,752,233.84,0.74907,0,0.011837,0.0022993,0.20956
city:2923822,city:2925533,Fulda - Frankfurt am Main,432,85.434,0.74621,0,0.018804,0.0040092,0.20876
city:2509463,city:2522258,Villena - Albacete,184,94.569,0.73817,0.0079092,0.0045313,0.0045452,0.20652
city:2643743,city:2652618,London - Colchester,428,82.644,0.71667,0.017248,0.01249,0.012533,0.2005
city:2641673,city:2650628,Newcastle upon Tyne - Durham,832,21.989,0.71489,0,0.0086117,0.0056772,0.2
city:2633352,city:2651513,York - Darlington,832,69.955,0.71489,0,0.0086117,0.0056772,0.2
city:2650628,city:2651513,Durham - Darlington,832,28.12,0.71489,0,0.0086117,0.0056772,0.2
city:2805753,city:2886242,Wuppertal - Köln,108,38.483,0.71459,0,0.019846,0.0032446,0.19992
city:2825297,city:2892794,Stuttgart - Karlsruhe,178,61.864,0.71152,0,0.014432,0.0012142,0.19906
city:2873891,city:2892794,Mannheim - Karlsruhe,230,53.536,0.70315,0,0.015627,0.0055721,0.19672
city:2519240,stn:demo:S0028,Córdoba - Antequera-Santa Ana,226,95.936,0.70153,0.0048684,0.0029537,0.0029537,0.19626
city:2867543,city:2935517,Münster - Dortmund,216,50.952,0.70017,0,0.018035,0.0094794,0.19588
city:2761369,city:3052009,Vienna - Győr,160,110.72,0.69486,0,0.0097473,0.007235,0.1944
city:2633709,city:2643743,Woking - London,428,36.695,0.67903,0,0.017802,0.0036549,0.18997
city:3128760,stn:demo:S0131,Barcelona - Camp de Tarragona,160,77.369,0.6788,0,0.018361,0.0026118,0.1899
city:3118514,stn:demo:S0131,Lleida - Camp de Tarragona,160,71.869,0.6788,0,0.018361,0.0026118,0.1899
city:2805753,city:2912621,Wuppertal - Hagen,108,25.315,0.67674,0,0.019156,0.0024882,0.18933
city:2911240,city:2912621,Hamm - Hagen,108,42.966,0.67484,0,0.019076,0.0025234,0.1888
city:2856883,city:2867543,Osnabrück - Münster,216,45.042,0.67052,0,0.016089,0.0073848,0.18759
city:3117735,city:3128760,Madrid - Barcelona,188,504.24,0.66753,0,0.014768,0.0012091,0.18675
city:2910831,city:2918632,Hannover - Göttingen,338,93.965,0.66469,0,0.012137,0.0049736,0.18596
city:2910831,city:2911298,Hannover - Hamburg,352,132.38,0.6603,0,0.011811,0.0064137,0.18473
city:2856883,city:2944388,Osnabrück - Bremen,216,102.88,0.65341,0,0.014717,0.0068425,0.1828
city:3003603,city:3037656,Le Mans - Angers,272,81.633,0.65301,0,0.0038975,0.0031905,0.18269
city:2861650,city:2929670,Nuremberg - Erfurt,216,169.39,0.63659,0,0.0078138,0.0035278,0.17809
city:2636389,city:2639577,Swindon - Reading,432,57.191,0.62868,0,0.028424,0.0017343,0.17588
city:2988507,city:2996944,Paris - Lyon,282,393.22,0.62401,0,0.013011,0.00087476,0.17458
city:2805615,city:2861650,Würzburg - Nuremberg,338,89.492,0.62332,0,0.014435,0.0049468,0.17438
city:3104324,city:3118514,Zaragoza - Lleida,160,124.69,0.6218,0,0.017942,0.0021454,0.17396
city:2996944,city:3027422,Lyon - Chambéry,42,85.825,0.61672,0,0.012217,0.0013766,0.17254
city:2988507,city:2998324,Paris - Lille,282,204.38,0.60601,0,0.04547,0.00075624,0.16954
city:2766824,city:2772400,Salzburg - Linz,668,108.17,0.60243,0,0.010963,0.0040159,0.16854
city:3127047,stn:demo:S0261,Calatayud - Guadalajara-Yebes,202,149.45,0.60029,0,0.017364,0.0024172,0.16794
city:3117735,stn:demo:S0261,Madrid - Guadalajara-Yebes,202,53.728,0.60029,0,0.017364,0.0024172,0.16794
city:3104324,city:3127047,Zaragoza - Calatayud,202,72.103,0.60029,0,0.017364,0.0024172,0.16794
city:2646057,city:2652618,Ipswich - Colchester,428,25.56,0.59772,0.014476,0.010687,0.010719,0.16722
city:2911298,city:2950159,Hamburg - Berlin,240,255.38,0.59209,0,0.010182,0.0023708,0.16565
city:2879139,city:2929670,Leipzig - Erfurt,324,101.5,0.59133,0,0.014911,0.0033373,0.16543
city:2988507,stn:demo:S0656,Paris - Valence TGV,150,473.55,0.57895,0,0.01398,0.00046327,0.16197
city:2990363,stn:demo:S0656,Nîmes - Valence TGV,150,137.52,0.57895,0,0.01398,0.00046327,0.16197
city:2636841,city:2643743,Stoke-on-Trent - London,320,217.49,0.5768,0,0.012351,0.0010703,0.16137
city:2633709,city:2656192,Woking - Basingstoke,428,37.261,0.57673,0,0.016143,0.0021867,0.16135
city:2844988,city:2867714,Rosenheim - Munich,146,51.315,0.57181,0,0.013981,0.0024836,0.15997
city:2988507,city:3003603,Paris - Le Mans,188,184.49,0.55924,0,0.0055768,0.0012404,0.15646
city:2514256,stn:demo:S0028,Málaga - Antequera-Santa Ana,160,38.917,0.54702,0.0034664,0.0020752,0.0020752,0.15304
city:3169522,city:3173435,Reggio nell'Emilia - Milan,456,141.66,0.54206,0,0.012734,0.0017841,0.15165
city:2879139,city:2950159,Leipzig - Berlin,216,149.77,0.53981,0,0.013848,0.0046478,0.15102
city:2861650,city:2867714,Nuremberg - Munich,404,150.89,0.53899,0,0.012579,0.0024407,0.15079
city:2988507,city:3031582,Paris - Bordeaux,306,498.57,0.5368,0,0.0061164,0.001051,0.15018
city:2633948,city:2639912,Wigan - Preston,188,24.848,0.52656,0,0.0055361,0.0029841,0.14731
city:2648182,city:2998324,Grays - Lille,42,212.51,0.50926,0,0.046531,0.00060428,0.14247
city:2643743,city:2648182,London - Grays,42,31.434,0.50926,0,0.046531,0.00060428,0.14247
city:2509463,city:2518559,Villena - Elche,52,44.106,0.50324,0.0053105,0.0031221,0.0031359,0.14079
city:2633858,city:2637487,Winchester - Southampton,428,18.897,0.49955,0,0.015021,0.0012355,0.13976
city:2633858,city:2656192,Winchester - Basingstoke,428,27.248,0.49955,0,0.015021,0.0012355,0.13976
city:3032797,city:3120304,Biarritz - Irun,52,24.504,0.49942,0,0.003406,0.0021178,0.13972
city:3110044,city:3120304,Donostia / San Sebastián - Irun,42,15.294,0.49942,0,0.003406,0.0021178,0.13972
city:3021670,city:3031582,Dax - Bordeaux,52,131.27,0.49942,0,0.003406,0.0021178,0.13972
city:3032797,city:3034475,Biarritz - Bayonne,52,6.908,0.49942,0,0.003406,0.0021178,0.13972
city:3021670,city:3034475,Dax - Bayonne,52,41.512,0.49942,0,0.003406,0.0021178,0.13972
city:2825297,city:2873891,Stuttgart - Mannheim,324,94.048,0.48779,0,0.010931,0.0031507,0.13647
city:2892794,city:2925177,Karlsruhe - Freiburg,230,119.81,0.48267,0,0.0086785,0.0043677,0.13503
city:3169522,city:3181928,Reggio nell'Emilia - Bologna,456,60.456,0.48067,0,0.01229,0.001337,0.13448
city:2633352,city:2641731,York - Newark on Trent,428,100.62,0.46875,0,0.0068134,0.0010597,0.13114
city:2640354,city:2641731,Peterborough - Newark on Trent,428,66.835,0.46875,0,0.0068134,0.0010597,0.13114
city:2651347,city:2653225,Derby - Chesterfield,216,36.606,0.45959,0,0.0080767,0.0022551,0.12858
city:2805615,city:2925533,Würzburg - Frankfurt am Main,216,97.444,0.44526,0,0.010665,0.0029751,0.12457
city:2641170,city:2644668,Nottingham - Leicester,216,35.049,0.44052,0.0087955,0.0054715,0.0055197,0.12324
city:2766824,city:2844988,Salzburg - Rosenheim,104,69.084,0.4237,0,0.010958,0.0013745,0.11854
city:2864475,city:2911298,Neumünster - Hamburg,174,58.187,0.41907,0,0.0062148,0.0045487,0.11724
city:2911298,city:2944388,Hamburg - Bremen,216,94.839,0.41874,0,0.011854,0.0035321,0.11715
city:3088171,city:3094170,Poznań - Kutno,52,166.6,0.41686,0,0.0084557,0.0010935,0.11662
city:2923822,city:2931574,Fulda - Eisenach,216,65.594,0.41118,0,0.0086172,0.0025725,0.11504
city:2929670,city:2931574,Erfurt - Eisenach,216,50.417,0.41118,0,0.0086172,0.0025725,0.11504
city:2990969,city:3037656,Nantes - Angers,272,80.57,0.40083,0,0.002355,0.0017177,0.11214
city:2910831,city:2950159,Hannover - Berlin,108,249.78,0.39654,0,0.018567,0.00062221,0.11094
city:2648208,city:2651123,Grantham - Doncaster,428,75.384,0.38712,0,0.00854,0.0014374,0.1083
city:2640354,city:2648208,Peterborough - Grantham,428,45.989,0.38712,0,0.00854,0.0014374,0.1083
city:3104499,city:3110044,Gasteiz / Vitoria - Donostia / San Sebastián,42,76.547,0.37892,0,0.0031917,0.0019034,0.10601
city:3108288,city:3128760,Tarragona - Barcelona,160,82.047,0.36817,0,0.0031544,0.0015597,0.103
city:2661604,city:2925177,Basel - Freiburg,230,52.926,0.36129,0,0.006914,0.0030484,0.10108
city:2513076,city:2518559,Orihuela - Elche,52,28.981,0.34556,0.003635,0.0021755,0.0021878,0.096675
city:2800866,city:2803138,Brussels - Antwerp,302,41.302,0.34295,0,0.017071,0.0017554,0.095946
city:2848245,city:2926271,Rendsburg - Flensburg,66,56.143,0.34189,0,0.005013,0.0033469,0.09565
city:2926271,stn:demo:S0490,Flensburg - Padborg,66,6.455,0.34189,0,0.005013,0.0033469,0.09565
city:2848245,city:2864475,Rendsburg - Neumünster,66,32.496,0.34189,0,0.005013,0.0033469,0.09565
city:2618528,stn:demo:S0490,Kolding - Padborg,66,74.215,0.34189,0,0.005013,0.0033469,0.09565
city:2972328,city:2995469,Toulon - Marseille,202,48.325,0.33925,0,0.0013982,0.0013633,0.094909
city:2638077,city:2653225,Sheffield - Chesterfield,216,15.143,0.33726,0,0.006656,0.0010482,0.094353
city:2641673,city:2650225,Newcastle upon Tyne - Edinburgh,616,147.63,0.33422,0,0.0053842,0.002707,0.093503
city:2509954,stn:demo:S0541,Valencia - Requena-Utiel,240,64.99,0.33055,0,0.0021884,0.0021276,0.092475
city:3124132,stn:demo:S0541,Cuenca - Requena-Utiel,240,104.93,0.33055,0,0.0021884,0.0021276,0.092475
city:3052009,city:3054643,Győr - Budapest,52,107.38,0.32463,0,0.0086292,0.0010339,0.09082
city:2988507,city:2989317,Paris - Orléans,146,110.72,0.31694,0,0.0059138,0.0023906,0.088668
city:2636432,city:2653822,Swansea - Cardiff,216,55.046,0.30838,0.0058434,0.0029363,0.0029436,0.086273
city:2519752,city:3108288,Castelló de la Plana - Tarragona,160,166.88,0.29981,0,0.0028084,0.001386,0.083875
city:3104499,city:3116689,Gasteiz / Vitoria - Miranda de Ebro,42,28.839,0.29264,0,0.0035579,0.0023368,0.081869
city:3109642,city:3114965,Santiago de Compostela - Ourense,136,82.27,0.29263,0.0058977,0.0019936,0.001999,0.081867
city:2873891,stn:demo:S0224,Mannheim - Frankfurt Flughafen Fernbf,108,63.141,0.28667,0,0.01117,0.0011867,0.080202
city:2513076,city:2513416,Orihuela - Murcia,52,19.588,0.28097,0.0029731,0.001787,0.001787,0.078606
city:2745912,city:2759661,Utrecht - Arnhem,550,55.353,0.28091,0,0.0083402,0.0071804,0.07859
city:2886242,city:2946447,Köln - Bonn,108,24.368,0.27979,0,0.0092265,0.0029064,0.078276
city:3116689,city:3127461,Miranda de Ebro - Burgos,70,72.826,0.27907,0,0.0036542,0.0024544,0.078075
city:2797656,city:2800866,Gent - Brussels,432,49.529,0.27433,0,0.0046883,0.0034877,0.076747
city:2673730,city:2676176,Stockholm - Södertälje,456,29.269,0.26457,0,0.0033082,0.001915,0.074018
city:2636882,city:2643266,Stockport - Macclesfield,320,16.765,0.26372,0,0.0087721,0.00061194,0.073779
city:2636841,city:2643266,Stoke-on-Trent - Macclesfield,320,28.752,0.26372,0,0.0087721,0.00061194,0.073779
city:2633954,city:2652002,Widnes - Crewe,216,35.217,0.26347,0,0.0045067,0.00049563,0.073711
city:2633954,city:2644210,Widnes - Liverpool,216,17.059,0.26347,0,0.0045067,0.00049563,0.073711
city:2692969,city:2693678,Malmö - Lund,1100,16.412,0.26341,0,0.0039718,0.0025203,0.073692
city:3106672,city:3127461,Valladolid - Burgos,70,113.76,0.26147,0,0.0039962,0.0030614,0.07315
city:2800866,city:2998324,Brussels - Lille,122,94.158,0.26106,0,0.04858,0.00072702,0.073034
city:2637487,city:2655095,Southampton - Bournemouth,616,39.128,0.25849,0.0055205,0.0046348,0.0046765,0.072317
city:2643743,city:2998324,London - Lille,80,242.57,0.25727,0,0.05031,0.00038011,0.071975
city:2509954,city:2519752,Valencia - Castelló de la Plana,160,63.53,0.25515,0,0.002557,0.0013191,0.071382
city:2640354,city:2643743,Peterborough - London,428,118.73,0.25409,0,0.012437,0.00043631,0.071085
city:3173435,city:3181554,Milan - Brescia,268,80.294,0.24906,0,0.0039277,0.0018158,0.069677
city:2636940,city:2643743,Stevenage - London,428,44.097,0.24862,0,0.013869,0.00073693,0.069556
city:2636940,city:2640354,Stevenage - Peterborough,428,74.72,0.24862,0,0.013869,0.00073693,0.069556
city:2983990,city:2988507,Rennes - Paris,362,307.76,0.24803,0,0.0028455,0.00065238,0.06939
city:2911522,city:2950159,Halle (Saale) - Berlin,108,151.79,0.24617,0,0.0071558,0.0022987,0.06887
city:2982652,city:2988507,Rouen - Paris,188,112.06,0.24227,0.0073496,0.0031926,0.0032109,0.067778
city:2972315,city:2993002,Toulouse - Montauban,226,46.518,0.23976,0,0.0018387,0.00039831,0.067077
city:3106672,city:3114531,Valladolid - Palencia,66,42.706,0.23869,0.0040132,0.0021199,0.0021199,0.066777
city:3114531,city:3118532,Palencia - León,66,108.23,0.23869,0.0040132,0.0021199,0.0021199,0.066777
city:3031582,city:3038634,Bordeaux - Agen,160,118.82,0.23821,0,0.0018184,0.00037805,0.066644
city:2993002,city:3038634,Montauban - Agen,160,62.059,0.23821,0,0.0018184,0.00037805,0.066644
city:2990919,city:2992166,Narbonne - Montpellier,28,85.153,0.23716,0,0.0069031,0.00064387,0.066348
city:2747891,city:2803138,Rotterdam - Antwerp,86,78.253,0.23628,0,0.011418,0.0015838,0.066103
city:2636882,city:2643123,Stockport - Manchester,936,9.516,0.23616,0,0.0095812,0.0027932,0.066068
city:2509463,city:2521978,Villena - Alicante,132,46.618,0.23493,0.0025987,0.0014092,0.0014092,0.065726
city:2634910,city:2651123,Wakefield - Doncaster,428,30.053,0.23384,0,0.0070499,0.00097963,0.065421
city:2654710,stn:demo:S0235,Brighton - Gatwick Airport,428,36.516,0.23351,0.0049589,0.0034734,0.0034734,0.065329
city:2643743,stn:demo:S0235,London - Gatwick Airport,428,39.221,0.23351,0.0049589,0.0034734,0.0034734,0.065329
city:2990363,city:2996944,Nîmes - Lyon,28,216.14,0.23276,0,0.0057216,0.00059746,0.065118
city:2984114,city:2988507,Reims - Paris,132,130.68,0.22951,0.0049853,0.0025007,0.0025007,0.06421
city:3168673,city:3172394,Salerno - Naples,296,48.398,0.22305,0,0.0016683,0.00097864,0.062402
city:2510911,city:2516326,Sevilla - Jerez de la Frontera,132,78.772,0.22102,0.0014325,0.00084888,0.00084888,0.061833
city:3093133,city:756135,Łódź - Warsaw,296,117,0.21929,0,0.004915,0.0045891,0.06135
city:2935022,city:2950159,Dresden - Berlin,180,165.39,0.21515,0,0.0055531,0.0045513,0.060192
city:2692969,stn:demo:S0313,Malmö - Kobenhavns Lufthavn,940,22.248,0.21131,0,0.0040014,0.0021969,0.059116
city:2618425,stn:demo:S0313,Copenhagen - Kobenhavns Lufthavn,940,7.316,0.21131,0,0.0040014,0.0021969,0.059116
city:2676176,city:2688368,Södertälje - Norrköping,240,106.48,0.21128,0,0.0030015,0.0016047,0.059109
city:2911522,city:2929670,Halle (Saale) - Erfurt,108,86.401,0.21103,0,0.0064773,0.0009434,0.05904
city:2661604,city:2991214,Basel - Mulhouse,296,28.273,0.2107,0,0.0030463,0.001096,0.058947
city:2688368,city:2694762,Norrköping - Linköping,240,38.443,0.20867,0,0.0030015,0.0015954,0.058378
city:2707399,stn:demo:S0018,Hässleholm - Alvesta,240,95.49,0.20602,0,0.0028912,0.0014225,0.057637
city:2693678,city:2707399,Lund - Hässleholm,240,61.759,0.20602,0,0.0028912,0.0014225,0.057637
city:2690170,city:2694762,Nässjö - Linköping,240,100.32,0.20602,0,0.0028912,0.0014225,0.057637
city:2690170,stn:demo:S0018,Nässjö - Alvesta,240,84.238,0.20602,0,0.0028912,0.0014225,0.057637
city:2806654,city:2945024,Wolfsburg - Braunschweig,108,24.707,0.1983,0,0.0049608,0.00043579,0.055477
city:2754394,city:2759887,Hengelo - Almelo,522,13.446,0.19515,0,0.0044722,0.0021269,0.054597
city:2756987,city:2759887,Deventer - Almelo,522,35.736,0.19515,0,0.0044722,0.0021269,0.054597
city:2805615,city:2923822,Würzburg - Fulda,108,86.516,0.19478,0,0.0042616,0.0013778,0.054493
city:2639577,city:2651269,Reading - Didcot,428,25.317,0.19473,0,0.019723,0.0003628,0.05448
city:2636389,city:2651269,Swindon - Didcot,428,37.677,0.19473,0,0.019723,0.0003628,0.05448
city:2759706,city:2759821,Apeldoorn - Amersfoort,522,40.145,0.19296,0,0.0048291,0.0022513,0.053983
city:2842647,city:2988507,Saarbrücken - Paris,66,342.28,0.18977,0,0.0030096,0.00066748,0.053091
city:2980291,city:2996944,Saint-Étienne - Lyon,268,49.976,0.18838,0.0021482,0.0011915,0.0011915,0.052701
city:2856883,city:2910831,Osnabrück - Hannover,94,114.93,0.18719,0,0.0045657,0.0016486,0.05237
city:2990919,city:3032833,Narbonne - Béziers,146,24.539,0.18611,0,0.013335,0.00050754,0.052068
city:2747891,city:2759794,Rotterdam - Amsterdam,58,57.493,0.18467,0,0.0070829,0.0010952,0.051664
city:2636177,city:2639577,Taunton - Reading,216,156.31,0.18386,0,0.0037734,0.0003895,0.051438
city:2636177,city:2649808,Taunton - Exeter,216,44.013,0.18386,0,0.0037734,0.0003895,0.051438
city:2849483,city:2861650,Regensburg - Nuremberg,94,88.951,0.18343,0,0.0049673,0.001398,0.051317
city:2637142,city:2642465,Stafford - Milton Keynes,216,125.37,0.18256,0,0.0045067,0.00031937,0.051073
city:2637142,city:2652002,Stafford - Crewe,216,39.164,0.18256,0,0.0045067,0.00031937,0.051073
city:2992166,city:3032833,Montpellier - Béziers,94,61.283,0.18113,0,0.013151,0.00052055,0.050674
city:3106672,city:3109256,Valladolid - Segovia,282,93.495,0.17758,0,0.0034068,0.0001879,0.049682
city:3109256,city:3117735,Segovia - Madrid,282,68.727,0.17758,0,0.0034068,0.0001879,0.049682
city:2756987,city:2759706,Deventer - Apeldoorn,522,14.156,0.17726,0,0.0044722,0.0019297,0.049592
city:3109642,city:3113209,Santiago de Compostela - Pontevedra,42,50.631,0.17478,0.0051339,0.0013502,0.0013555,0.048897
city:3105976,city:3113209,Vigo - Pontevedra,42,22.957,0.17478,0.0051339,0.0013502,0.0013555,0.048897
city:2873891,city:2874225,Mannheim - Mainz,108,56.413,0.17399,0,0.0079536,0.0020325,0.048676
city:3094802,city:756135,Kraków - Warsaw,240,252.5,0.1715,0,0.0023054,0.0018206,0.047981
city:2800481,city:2800866,Charleroi - Brussels,216,49.289,0.16902,0.0056955,0.0017773,0.0017773,0.047287
city:2847645,city:2856883,Rheine - Osnabrück,94,41.471,0.16893,0,0.0037592,0.0014812,0.04726
city:2847645,city:2953552,Rheine - Bad Bentheim,94,19.319,0.16893,0,0.0037592,0.0014812,0.04726
city:2754394,city:2953552,Hengelo - Bad Bentheim,94,25.1,0.16893,0,0.0037592,0.0014812,0.04726
city:3164527,city:3181928,Verona - Bologna,122,108.5,0.1685,0,0.0028503,0.0014103,0.047141
city:2886946,city:2946447,Koblenz - Bonn,108,54.401,0.16785,0,0.0075864,0.0017295,0.046958
city:2638077,city:2655603,Sheffield - Birmingham,188,104.38,0.16768,0,0.0054503,0.0050726,0.046911
city:2641181,city:2646057,Norwich - Ipswich,428,63.973,0.16647,0.0049482,0.0028183,0.0028499,0.046572
city:2614481,city:2618425,Roskilde - Copenhagen,710,30.674,0.16074,0,0.0049093,0.0020176,0.044968
city:2614481,city:2615876,Roskilde - Odense,710,109.96,0.16074,0,0.0049093,0.0020176,0.044968
city:2636389,city:2653144,Swindon - Chippenham,428,26.153,0.15816,0,0.012258,0.00030762,0.044248
city:2653144,city:2656173,Chippenham - Bath,428,18.953,0.15816,0,0.012258,0.00030762,0.044248
city:2618528,city:2621951,Kolding - Fredericia,66,19.533,0.15591,0,0.005013,0.0015826,0.043618
city:2759661,city:2934691,Arnhem - Duisburg,108,84.675,0.15567,0,0.0077404,0.0049513,0.043551
city:2772400,city:2855328,Linz - Passau,122,69.383,0.15511,0,0.0043773,0.0010447,0.043393
city:2849483,city:2855328,Regensburg - Passau,94,109.43,0.15496,0,0.0043773,0.0010447,0.043353
stn:demo:S0060,stn:demo:S0072,Belfort-Montbeliard TGV - Besancon Franche-Comte TGV,136,77.505,0.1546,0,0.0057601,0.00053932,0.043253
city:2991214,stn:demo:S0060,Mulhouse - Belfort-Montbeliard TGV,136,37.095,0.1546,0,0.0057601,0.00053932,0.043253
city:2517117,stn:demo:S0028,Granada - Antequera-Santa Ana,66,89.432,0.15451,0.001402,0.00087852,0.00087852,0.043227
city:3169361,city:3181928,Rimini - Bologna,108,109.03,0.15399,0,0.0017882,0.0010301,0.043082
city:3114711,city:3118532,Oviedo - León,66,87.435,0.15279,0.0031942,0.0014557,0.0014557,0.042745
city:3181913,stn:demo:S0104,Bolzano - Brennero,42,58.29,0.15163,0,0.0027155,0.0011505,0.042422
city:2775220,stn:demo:S0104,Innsbruck - Brennero,42,30.139,0.15163,0,0.0027155,0.0011505,0.042422
city:3165243,city:3181913,Trento - Bolzano,108,49.928,0.14994,0,0.0026151,0.0011158,0.041947
city:2640416,city:2645826,Penrith - Kendal,188,37.698,0.14927,0,0.0031115,0.00070724,0.041762
city:2640416,city:2653775,Penrith - Carlisle,188,28.006,0.14927,0,0.0031115,0.00070724,0.041762
city:2644972,city:2645826,Lancaster - Kendal,188,31.355,0.14927,0,0.0031115,0.00070724,0.041762
city:2648579,city:2653775,Glasgow - Carlisle,188,136.31,0.14927,0,0.0031115,0.00070724,0.041762
city:2639912,city:2644972,Preston - Lancaster,188,32.155,0.14927,0,0.0031115,0.00070724,0.041762
city:3176885,city:3182351,Foggia - Bari,188,116.34,0.1492,0.0018524,0.00092915,0.00092915,0.041741
city:2775220,stn:demo:S0328,Innsbruck - Kufstein,42,68.159,0.14811,0,0.0030226,0.001109,0.041436
city:2844988,stn:demo:S0328,Rosenheim - Kufstein,42,30.54,0.14811,0,0.0030226,0.001109,0.041436
city:2904789,city:2918632,Hildesheim - Göttingen,108,68.546,0.14808,0,0.0048647,0.00071054,0.041429
city:2809346,stn:demo:S0224,Wiesbaden - Frankfurt Flughafen Fernbf,108,23.551,0.14801,0.0082488,0.0018466,0.0018512,0.041407
city:2874225,city:2886946,Mainz - Koblenz,108,64.831,0.14793,0,0.0072944,0.0015338,0.041385
city:2911007,city:2925533,Hanau am Main - Frankfurt am Main,108,16.529,0.14578,0,0.0063964,0.00061551,0.040785
city:2911007,city:2923822,Hanau am Main - Fulda,108,71.206,0.14578,0,0.0063964,0.00061551,0.040785
city:2904789,city:2945024,Hildesheim - Braunschweig,108,41.259,0.14556,0,0.004712,0.00065432,0.040723
city:2634910,city:2644688,Wakefield - Leeds,428,13.009,0.14368,0,0.0058536,0.00070713,0.040196
city:3054643,city:715126,Budapest - Szolnok,230,94.128,0.14312,0.010815,0.0018333,0.0018352,0.040041
city:3088171,city:3102014,Poznań - Bydgoszcz,80,107.73,0.14273,0,0.0019676,0.0016355,0.03993
city:2524170,stn:demo:S0676,Messina - Villa San Giovanni,42,7.887,0.14069,0.0043112,0.00079926,0.00079975,0.039361
city:2633691,city:2655603,Wolverhampton - Birmingham,188,19.017,0.14021,0,0.0076299,0.0037364,0.039224
city:2512177,city:2519240,Puertollano - Córdoba,240,105.82,0.13966,0,0.0041939,0.00012244,0.039071
city:2519402,city:3117735,Ciudad Real - Madrid,240,160.21,0.13966,0,0.0041939,0.00012244,0.039071
city:2512177,city:2519402,Puertollano - Ciudad Real,240,36.672,0.13966,0,0.0041939,0.00012244,0.039071
city:2928810,city:2935517,Essen - Dortmund,324,32.08,0.13938,0,0.0077754,0.00029757,0.038995
city:2998286,city:3026204,Limoges - Châteauroux,52,114.11,0.13667,0,0.0023796,0.00071095,0.038237
city:2969257,city:3026204,Vierzon - Châteauroux,52,53.66,0.13667,0,0.0023796,0.00071095,0.038237
city:2969257,city:2989317,Vierzon - Orléans,52,76.679,0.13667,0,0.0023796,0.00071095,0.038237
city:3177532,stn:demo:S0108,Domodossola - Brig,94,32.529,0.13591,0,0.0045657,0.0010513,0.038022
city:3173435,city:3177532,Milan - Domodossola,94,100.45,0.13591,0,0.0045657,0.0010513,0.038022
city:2996944,stn:demo:S0072,Lyon - Besancon Franche-Comte TGV,56,192.83,0.13562,0,0.0050286,0.00028429,0.037941
city:2657896,city:2661604,Zürich - Basel,752,76.458,0.13499,0,0.0026716,0.0010272,0.037767
city:2639577,city:2640729,Reading - Oxford,616,38.341,0.13446,0,0.0031984,0.0020298,0.037619
city:2746301,city:2758401,Tilburg - Breda,216,22.066,0.13255,0,0.003176,0.0017632,0.037082
city:2910831,city:2945024,Hannover - Braunschweig,108,55.175,0.13033,0,0.0034475,0.0025009,0.036462
city:2973783,city:2991214,Strasbourg - Mulhouse,56,97.529,0.12985,0,0.0052661,0.00035093,0.036328
city:3177090,city:3181928,Ferrara - Bologna,188,44.293,0.12957,0,0.0021099,0.0012365,0.03625
city:2972191,city:2988507,Tours - Paris,108,202.99,0.12936,0,0.0015224,0.00019558,0.036191
city:3171728,city:3173529,Padua - Mestre,456,29.549,0.12841,0,0.0015186,0.001393,0.035924
city:2641557,city:2649808,Newton Abbot - Exeter,216,22.487,0.12591,0,0.0021684,0.00021554,0.035225
city:2640194,city:2641557,Plymouth - Newton Abbot,216,41.467,0.12591,0,0.0021684,0.00021554,0.035225
city:2982652,city:3003796,Rouen - Le Havre,188,71.864,0.12563,0.0042126,0.0014552,0.0014611,0.035148
city:2981280,stn:demo:S0262,Saint-Brieuc - Guingamp,94,28.797,0.12545,0.0012265,0.00077662,0.00077662,0.035097
city:2981280,city:2983990,Saint-Brieuc - Rennes,94,92.544,0.12545,0.0012265,0.00077662,0.00077662,0.035097
city:2991772,stn:demo:S0262,Morlaix - Guingamp,94,49.696,0.12545,0.0012265,0.00077662,0.00077662,0.035097
city:2991772,city:3030300,Morlaix - Brest,94,52.815,0.12545,0.0012265,0.00077662,0.00077662,0.035097
city:2988507,city:3021372,Paris - Dijon,132,261.73,0.12396,0,0.001651,0.00057966,0.034678
city:3109642,city:3119841,Santiago de Compostela - A Coruña,94,55.914,0.11785,0.0013841,0.00064345,0.00064345,0.03297
city:2745912,city:2759794,Utrecht - Amsterdam,1406,35.248,0.11761,0,0.003609,0.0031549,0.032903
city:2633352,city:2644688,York - Leeds,620,35.366,0.11568,0,0.0036085,0.0032975,0.032363
city:2661552,stn:demo:S0596,Bern - Spiez,268,34.095,0.11152,0,0.0043125,0.00090714,0.031199
city:2519240,city:3117735,Córdoba - Madrid,226,295.53,0.11085,0,0.0036464,7.5008e-05,0.031012
stn:demo:S0108,stn:demo:S0596,Brig - Spiez,52,47.128,0.11048,0,0.0043125,0.00090714,0.030907
city:2661552,city:2661604,Bern - Basel,52,68.524,0.10629,0,0.0055218,0.00090217,0.029737
city:3164419,city:3164527,Vicenza - Verona,268,44.805,0.10507,0,0.0022135,0.00090718,0.029396
city:2615876,city:2621951,Odense - Fredericia,282,44.283,0.10495,0,0.0045561,0.0018215,0.02936
city:2988507,city:2994160,Paris - Metz,80,280.56,0.10436,0,0.00065322,0.00034384,0.029197
city:2766824,stn:demo:S0082,Salzburg - Bischofshofen,28,44.5,0.10281,0,0.00093076,0.00089986,0.028763
stn:demo:S0082,stn:demo:S0576,Bischofshofen - Schwarzach-St. Veit,28,11.707,0.10281,0,0.00093076,0.00089986,0.028763
city:2762372,stn:demo:S0576,Villach - Schwarzach-St. Veit,28,95.475,0.10281,0,0.00093076,0.00089986,0.028763
city:2861650,city:2895992,Nuremberg - Ingolstadt,108,80.665,0.10271,0,0.0048778,0.00096927,0.028735
city:2638077,city:2644688,Sheffield - Leeds,188,46.297,0.10155,0,0.0031442,0.0027493,0.028411
city:756135,city:776069,Warsaw - Białystok,108,176.48,0.10077,0.0022583,0.0014841,0.0014841,0.028191
city:2759794,city:2759821,Amsterdam - Amersfoort,528,41.723,0.10022,0,0.0035721,0.00071014,0.028037
city:756135,city:760924,Warsaw - Puławy,132,111.84,0.099526,0.0035356,0.00072647,0.00072878,0.027844
city:760924,city:765876,Puławy - Lublin,132,45.631,0.099526,0.0035356,0.00072647,0.00072878,0.027844
city:2745912,city:2755420,Utrecht - Gouda,644,29.477,0.099027,0,0.0065708,0.0015394,0.027704
city:2846939,city:2879139,Riesa - Leipzig,108,64.054,0.09731,0,0.0021326,0.00093282,0.027224
city:2846939,city:2935022,Riesa - Dresden,108,42.251,0.09731,0,0.0021326,0.00093282,0.027224
city:2792482,city:2800866,Leuven - Brussels,216,24.926,0.096818,0,0.0017505,0.00053171,0.027086
city:2761369,city:3078773,Vienna - Břeclav,136,71.829,0.096289,0,0.0018301,0.0011459,0.026938
city:2747373,city:2757345,The Hague - Delft,428,8.704,0.093875,0,0.0043038,0.0019182,0.026263
city:2747891,city:2757345,Rotterdam - Delft,428,12.622,0.093875,0,0.0043038,0.0019182,0.026263
city:3196359,stn:demo:S0298,Ljubljana - Jesenice,28,54.383,0.093258,0,0.00083718,0.00083173,0.02609
city:2762372,stn:demo:S0298,Villach - Jesenice,28,25.315,0.093258,0,0.00083718,0.00083173,0.02609
city:2747891,city:2755420,Rotterdam - Gouda,428,18.87,0.092822,0,0.0057459,0.0010719,0.025968
city:2990474,city:2991481,Nevers - Moulins,108,49.065,0.092659,0.0018394,0.000747,0.00075028,0.025923
city:2969392,city:3024635,Vichy - Clermont-Ferrand,108,46.678,0.092659,0.0018394,0.000747,0.00075028,0.025923
city:2969392,city:2991481,Vichy - Moulins,108,49.173,0.092659,0.0018394,0.000747,0.00075028,0.025923
city:2988507,city:2990474,Paris - Nevers,108,215.86,0.092659,0.0018394,0.000747,0.00075028,0.025923
city:2874545,city:2945024,Magdeburg - Braunschweig,108,76.794,0.092425,0,0.0027431,0.002138,0.025857
city:2743477,city:2759633,Zwolle - Assen,432,62.375,0.092341,0.0065039,0.0017805,0.0017883,0.025834
city:2755251,city:2759633,Groningen - Assen,432,24.742,0.092341,0.0065039,0.0017805,0.0017883,0.025834
city:2745912,city:2747351,Utrecht - 's-Hertogenbosch,856,45.305,0.08877,0,0.0025181,0.0021639,0.024835
city:3106672,city:3117735,Valladolid - Madrid,70,162.2,0.088334,0,0.0046459,0.00080355,0.024713
city:3171173,city:3183089,Pesaro - Ancona,108,58.335,0.088158,0,0.0011077,0.00034552,0.024664
city:3169361,city:3171173,Rimini - Pesaro,108,32.577,0.088158,0,0.0011077,0.00034552,0.024664
city:3171168,city:3183089,Pescara - Ancona,108,139.59,0.088158,0,0.0011077,0.00034552,0.024664
city:2867714,city:2895992,Munich - Ingolstadt,108,70.683,0.087962,0,0.0046714,0.00074633,0.024609
city:2995469,city:3035681,Marseille - Avignon,220,85.833,0.082718,0,0.0026174,3.2515e-05,0.023142
city:3081368,city:3093524,Wrocław - Leszno,132,87.854,0.082123,0,0.002237,0.0021743,0.022975
city:3088171,city:3093524,Poznań - Leszno,132,67.501,0.082123,0,0.002237,0.0021743,0.022975
city:2988507,city:3029241,Paris - Caen,108,200.88,0.081367,0.002172,0.00082764,0.00083091,0.022764
city:2761369,city:3060972,Vienna - Bratislava,216,54.884,0.081138,0,0.0011605,0.00087241,0.0227
city:2797656,city:2800931,Gent - Brugge,432,38.64,0.080637,0.0037475,0.0008786,0.0008786,0.022559
city:2873891,city:2894003,Mannheim - Kaiserslautern,66,50.509,0.080438,0,0.0029567,0.00072404,0.022504
city:2842647,city:2894003,Saarbrücken - Kaiserslautern,66,59.947,0.080438,0,0.0029567,0.00072404,0.022504
city:3114965,city:3117735,Ourense - Madrid,42,407.55,0.07896,0,0.0017072,0.00044771,0.02209
city:2747891,city:2756669,Rotterdam - Dordrecht,428,18.296,0.078741,0.0034003,0.00094066,0.00094066,0.022029
city:715126,city:721472,Szolnok - Debrecen,216,114.29,0.077845,0.0029058,0.0010984,0.0010999,0.021778
city:2864475,city:2891122,Neumünster - Kiel,108,29.19,0.077175,0.0039736,0.0012018,0.0012018,0.021591
city:2654675,city:2656173,Bristol - Bath,428,18.569,0.076532,0,0.010133,0.00032225,0.021411
city:3177610,city:3181554,Desenzano del Garda - Brescia,188,26.009,0.075631,0,0.0030932,0.00026231,0.021159
city:3164527,city:3177610,Verona - Desenzano del Garda,188,35.925,0.075631,0,0.0030932,0.00026231,0.021159
city:2759794,stn:demo:S0574,Amsterdam - Schiphol Airport,1580,11.26,0.075218,0,0.0038159,0.0011626,0.021043
city:2791537,city:2803138,Mechelen - Antwerp,428,22.316,0.075166,0,0.0054392,0.00011527,0.021029
city:2791537,city:2800866,Mechelen - Brussels,428,21.481,0.075166,0,0.0054392,0.00011527,0.021029
city:2988507,city:3035681,Paris - Avignon,108,577.04,0.073893,0,0.0020568,1.4355e-05,0.020673
city:2516326,city:2520600,Jerez de la Frontera - Cadiz,132,22.407,0.07385,0.00047533,0.00025577,0.00025577,0.020661
city:2524170,city:2525068,Messina - Catania,28,88.773,0.073064,0.0016962,0.00040485,0.00040485,0.020441
city:2988507,city:3037854,Paris - Amiens,66,116.43,0.072877,0.0042253,0.0015356,0.0015356,0.020388
city:3096472,city:756135,Katowice - Warsaw,188,259.16,0.072331,0,0.0014629,0.0014457,0.020236
city:2523630,stn:demo:S0676,Reggio Calabria - Villa San Giovanni,80,12.253,0.071996,0.00075891,0.00038272,0.00038272,0.020142
city:3171728,city:3177090,Padua - Ferrara,188,66.704,0.071952,0,0.0013755,0.00089749,0.02013
city:3114711,city:3121424,Oviedo - Gijón,66,24.482,0.071939,0.0018203,0.00074589,0.00074589,0.020126
city:3116689,city:3128026,Miranda de Ebro - Bilbao,28,64.096,0.071354,0.0029596,0.0013333,0.0013378,0.019962
city:2825297,city:2907911,Stuttgart - Heidelberg,108,78.03,0.07097,0,0.0030017,0.00053747,0.019855
city:3164419,city:3171728,Vicenza - Padua,268,30.562,0.070767,0,0.0018474,0.00055628,0.019798
city:2759794,city:2759879,Amsterdam - Almere Stad,216,22.03,0.070137,0,0.0021324,0.001246,0.019622
city:2754394,city:2756071,Hengelo - Enschede,428,8.767,0.069925,0.0051313,0.0010372,0.0010377,0.019562
city:2873891,city:2907911,Mannheim - Heidelberg,108,18.543,0.068815,0,0.0030286,0.00050771,0.019252
city:2747891,stn:demo:S0574,Rotterdam - Schiphol Airport,724,47.16,0.068052,0,0.0031839,0.0010545,0.019039
city:2654675,city:2655603,Bristol - Birmingham,188,123.69,0.067323,0,0.0026176,0.0025034,0.018835
city:3068799,city:3078773,Ostrava - Břeclav,28,156.88,0.06652,0,0.0014956,0.001075,0.01861
city:2750053,city:2759661,Nijmegen - Arnhem,428,15.804,0.066162,0.0056076,0.0011265,0.0011265,0.01851
city:686254,city:722437,Arad - Békéscsaba,14,58.024,0.065277,0.0084092,0.00073492,0.00073526,0.018262
city:715126,city:722437,Szolnok - Békéscsaba,14,88.007,0.065277,0.0084092,0.00073492,0.00073526,0.018262
city:2988507,city:2990999,Paris - Nancy,122,281.74,0.064784,0,0.00061747,0.00018329,0.018124
city:2790471,city:2800866,Namur - Brussels,108,56.176,0.06402,0,0.00082262,0.00076006,0.017911
city:2659994,city:2660646,Lausanne - Geneva,902,51.135,0.063996,0,0.0011877,0.00077663,0.017904
city:3099434,city:3102014,Gdańsk - Bydgoszcz,80,143,0.063153,0,0.0011863,0.00087094,0.017668
city:3028808,city:3037456,Cannes - Antibes,188,9.627,0.062521,0,0.0010109,0.00030176,0.017491
city:2990440,city:3037456,Nice - Antibes,188,17.684,0.062521,0,0.0010109,0.00030176,0.017491
city:2766824,city:2867714,Salzburg - Munich,28,115.61,0.061053,0,0.0017039,0.00028758,0.017081
city:2875601,city:2911298,Lübeck - Hamburg,108,57.79,0.060996,0.003619,0.0008694,0.00087074,0.017065
city:3104324,city:3107418,Zaragoza - Tudela,42,75.238,0.060525,0.0020922,0.0010111,0.0010111,0.016933
city:3107418,city:3114472,Tudela - Pamplona,42,84.036,0.060525,0.0020922,0.0010111,0.0010111,0.016933
city:2746301,city:2756253,Tilburg - Eindhoven,216,29.637,0.059035,0,0.0019416,0.00059303,0.016516
city:2633883,city:2643123,Wilmslow - Manchester,160,17.009,0.058672,0,0.0074632,0.00018317,0.016414
city:2633883,city:2652002,Wilmslow - Crewe,160,29.168,0.058672,0,0.0074632,0.00018317,0.016414
city:2693678,city:2706767,Lund - Helsingborg,216,49.041,0.058112,0,0.0011589,0.0010913,0.016258
city:2747351,city:2756253,'s-Hertogenbosch - Eindhoven,856,31.131,0.058105,0,0.0013494,0.0012736,0.016256
city:2610613,city:2621951,Vejle - Fredericia,644,20.981,0.057734,0.0048928,0.00062639,0.0011943,0.016152
city:3054543,city:3054643,Cegléd - Budapest,216,67.701,0.057612,0.0026058,0.00083667,0.00084121,0.016118
city:3050434,city:3054543,Kecskemét - Cegléd,216,30.746,0.057612,0.0026058,0.00083667,0.00084121,0.016118
city:2996944,city:3035681,Lyon - Avignon,192,200.25,0.056255,0,0.0015861,0.00019115,0.015738
city:2642465,city:2652002,Milton Keynes - Crewe,160,163.61,0.056024,0,0.0074632,0.00018317,0.015673
city:3065281,city:3068799,Starý Bohumín - Ostrava,70,9.935,0.055628,0,0.0011449,0.00092265,0.015563
city:3065281,city:3096472,Starý Bohumín - Katowice,70,62.008,0.055628,0,0.0011449,0.00092265,0.015563
city:2706767,city:2708365,Helsingborg - Halmstad,216,70.514,0.055165,0,0.0011548,0.001119,0.015433
city:2664996,city:2708365,Varberg - Halmstad,216,60.438,0.055165,0,0.0011548,0.001119,0.015433
city:2664996,city:2711537,Varberg - Gothenburg,216,69.023,0.055165,0,0.0011548,0.001119,0.015433
city:3186886,city:3196359,Zagreb - Ljubljana,80,116.9,0.051858,0,0.00042119,0.00042119,0.014508
city:2857458,city:2944388,Oldenburg - Bremen,108,40.189,0.050904,0.0045027,0.00077674,0.00077882,0.014241
city:2677234,stn:demo:S0267,Skövde - Hallsberg,216,104.58,0.050683,0,0.00030669,0.00030669,0.014179
city:2701223,stn:demo:S0267,Katrineholm - Hallsberg,216,63.249,0.050683,0,0.00030669,0.00030669,0.014179
city:2677234,stn:demo:S0282,Skövde - Herrljunga,216,59.268,0.050683,0,0.00030669,0.00030669,0.014179
city:2726756,stn:demo:S0282,Alingsås - Herrljunga,216,33.342,0.050683,0,0.00030669,0.00030669,0.014179
city:2676176,city:2701223,Södertälje - Katrineholm,216,83.971,0.050683,0,0.00030669,0.00030669,0.014179
city:2711537,city:2726756,Gothenburg - Alingsås,216,41.737,0.050683,0,0.00030669,0.00030669,0.014179
city:2644737,city:2655603,Royal Leamington Spa - Birmingham,188,33.773,0.050406,0,0.0021544,0.0012453,0.014102
city:2640729,city:2644737,Oxford - Royal Leamington Spa,188,61.958,0.050406,0,0.0021544,0.0012453,0.014102
city:3044082,city:3054643,Tatabánya - Budapest,108,50.591,0.049863,0,0.0036717,0.0001058,0.01395
city:3044082,city:3052009,Tatabánya - Győr,108,56.79,0.049863,0,0.0036717,0.0001058,0.01395
city:2732773,city:3105976,Viana do Castelo - Vigo,28,60.688,0.049576,0.0041663,0.00060569,0.00061102,0.01387
city:2732773,city:2735943,Viana do Castelo - Porto,28,63.334,0.049576,0.0041663,0.00060569,0.00061102,0.01387
city:2925533,city:2938913,Frankfurt am Main - Darmstadt,108,27.223,0.048482,0,0.0027863,0.0010737,0.013563
city:3067696,city:3068582,Prague - Pardubice,550,96.919,0.047315,0,0.0017516,0.0014448,0.013237
city:2910831,city:2944388,Hannover - Bremen,108,100.2,0.046822,0,0.0026399,0.0018964,0.013099
city:3171168,city:3176885,Pescara - Foggia,108,157.5,0.04627,0,0.0008424,0.00013336,0.012945
city:679452,city:686254,Deva - Arad,14,126.69,0.044987,0.0073279,0.00060853,0.00060887,0.012586
city:679452,city:683844,Deva - Braşov,14,211.52,0.044987,0.0073279,0.00060853,0.00060887,0.012586
city:2745912,city:2759821,Utrecht - Amersfoort,432,19.466,0.044184,0,0.0029308,0.0015594,0.012361
city:3104342,city:3117735,Zamora - Madrid,94,209.96,0.044023,0,0.00092714,7.9232e-05,0.012316
city:3114965,stn:demo:S0565,Ourense - Sanabria AV,94,104.17,0.044023,0,0.00092714,7.9232e-05,0.012316
city:3104342,stn:demo:S0565,Zamora - Sanabria AV,94,96.895,0.044023,0,0.00092714,7.9232e-05,0.012316
city:2659297,city:2661604,Olten - Basel,648,33.951,0.04372,0,0.0012787,0.00046916,0.012231
city:3078610,city:3078773,Brno - Břeclav,188,52.471,0.043232,0,0.0015246,0.0012159,0.012095
city:2633691,city:2636841,Wolverhampton - Stoke-on-Trent,188,46.744,0.04227,0,0.0029676,0.0029676,0.011826
city:2664454,city:2673730,Västerås - Stockholm,202,91.366,0.041995,0,0.00091162,0.00091139,0.011749
city:2735943,city:2742611,Porto - Aveiro,216,55.983,0.040822,0.0024619,0.00060967,0.00061386,0.01142
city:2740637,city:2742611,Coimbra - Aveiro,216,52.432,0.040822,0.0024619,0.00060967,0.00061386,0.01142
city:2636841,city:2636882,Stoke-on-Trent - Stockport,188,45.143,0.040582,0,0.0029423,0.0028921,0.011353
city:2758401,city:2803138,Breda - Antwerp,216,48.335,0.040369,0,0.0048148,0.0012272,0.011294
city:2989317,city:3032213,Orléans - Blois,94,54.973,0.0402,0,0.0015839,0.00012846,0.011246
city:2972191,city:3032213,Tours - Blois,94,51.941,0.0402,0,0.0015839,0.00012846,0.011246
city:2844588,city:2950159,Rostock - Berlin,94,193.33,0.039731,0.0041229,0.0012041,0.0012054,0.011115
stn:demo:S0224,stn:demo:S0431,Frankfurt Flughafen Fernbf - Montabaur,216,68.562,0.038623,0,0.0049965,0.00033498,0.010805
city:2841648,city:2886242,Sankt Augustin - Köln,216,24.68,0.038623,0,0.0049965,0.00033498,0.010805
city:2841648,stn:demo:S0431,Sankt Augustin - Montabaur,216,57.615,0.038623,0,0.0049965,0.00033498,0.010805
city:2995469,city:3036938,Marseille - Arles,66,73.841,0.038565,0,0.00078645,0.00037436,0.010789
city:2990363,city:3036938,Nîmes - Arles,66,28.189,0.038565,0,0.00078645,0.00037436,0.010789
city:3163995,city:3171366,Voghera - Pavia,132,25.123,0.038547,0,0.0030254,0.0024867,0.010784
city:3171366,city:3173435,Pavia - Milan,132,30.362,0.038547,0,0.0030254,0.0024867,0.010784
city:3163995,city:3176219,Voghera - Genoa,132,65.458,0.038547,0,0.0030254,0.0024867,0.010784
city:2660646,city:2996944,Geneva - Lyon,160,112.23,0.038202,0,0.00071094,0.00039365,0.010688
city:2268575,city:2740637,Entroncamento - Coimbra,216,82.402,0.037877,0.0018102,0.0005029,0.00050683,0.010597
city:2263480,city:2267057,Santarém - Lisbon,216,69.323,0.037877,0.0018102,0.0005029,0.00050683,0.010597
city:2263480,city:2268575,Santarém - Entroncamento,216,32.043,0.037877,0.0018102,0.0005029,0.00050683,0.010597
city:2743477,city:2759821,Zwolle - Amersfoort,432,62.35,0.037469,0,0.0018031,0.0017161,0.010482
city:3035681,stn:demo:S0011,Avignon - Aix-en-Provence TGV,160,68.379,0.037133,0,0.0014513,9.5633e-05,0.010389
city:2995469,stn:demo:S0011,Marseille - Aix-en-Provence TGV,160,18.347,0.037133,0,0.0014513,9.5633e-05,0.010389
city:3054643,city:717582,Budapest - Miskolc,258,146.17,0.035819,0,0.00085957,0.00067298,0.010021
city:3164527,city:3181554,Verona - Brescia,80,61.684,0.035655,0,0.0033838,7.5587e-05,0.0099749
city:6534232,stn:demo:S0676,Lamezia Terme - Villa San Giovanni,80,101.25,0.034504,0,0.00038272,0.00019264,0.0096531
city:3168673,city:6534232,Salerno - Lamezia Terme,80,230.3,0.034504,0,0.00038272,0.00019264,0.0096531
city:2988507,city:2991214,Paris - Mulhouse,80,388.08,0.034456,0,0.0016364,5.7968e-05,0.0096395
city:3164527,city:3168854,Verona - Rovereto,42,50.376,0.034291,0,0.0022564,0.00015593,0.0095934
city:3165243,city:3168854,Trento - Rovereto,42,20.692,0.034291,0,0.0022564,0.00015593,0.0095934
city:3050434,city:715429,Kecskemét - Szeged,216,80.591,0.033804,0.0015926,0.0006616,0.0006627,0.0094573
city:3173435,city:3176219,Milan - Genoa,52,119.38,0.03363,0,0.0030254,0.0024765,0.0094085
city:2664454,city:2686657,Västerås - Örebro,202,85.069,0.033052,0,0.00085101,0.00084946,0.0092467
city:2990919,city:3028641,Narbonne - Carcassonne,66,53.036,0.032923,0,0.00074562,0.00073569,0.0092106
city:2972315,city:3028641,Toulouse - Carcassonne,66,84.869,0.032923,0,0.00074562,0.00073569,0.0092106
city:2659297,city:2661552,Olten - Bern,432,56.44,0.032237,0,0.0012787,0.00025737,0.0090188
stn:demo:S0061,stn:demo:S0396,Bellegarde - Macon-Loche TGV,108,82.877,0.032042,0,0.00062423,7.1215e-05,0.0089643
city:2988507,stn:demo:S0396,Paris - Macon-Loche TGV,108,339.07,0.032042,0,0.00062423,7.1215e-05,0.0089643
city:2660646,stn:demo:S0061,Geneva - Bellegarde,108,26.76,0.032042,0,0.00062423,7.1215e-05,0.0089643
city:3084840,city:3088171,Stargard - Poznań,160,163.12,0.031708,0.0084023,0.00058924,0.00058924,0.0088707
city:3083829,city:3084840,Szczecin - Stargard,160,34.514,0.031708,0.0084023,0.00058924,0.00058924,0.0088707
city:2874545,city:2911522,Magdeburg - Halle (Saale),108,76.094,0.031504,0,0.0015379,0.0010526,0.0088138
city:3176959,city:3177400,Florence - Empoli,216,24.941,0.030673,0,0.0006225,0.00040692,0.0085811
city:3170647,city:3177400,Pisa - Empoli,216,43.734,0.030673,0,0.0006225,0.00040692,0.0085811
city:2993002,city:3029213,Montauban - Cahors,66,48.429,0.030376,0,0.0016501,1.0297e-05,0.0084981
city:2998286,city:3029974,Limoges - Brive-la-Gaillarde,52,78.26,0.030376,0,0.0016501,1.0297e-05,0.0084981
city:3029213,city:3029974,Cahors - Brive-la-Gaillarde,66,79.294,0.030376,0,0.0016501,1.0297e-05,0.0084981
city:2660718,city:2661552,Fribourg - Bern,428,27.737,0.030206,0,0.0013447,0.00035522,0.0084506
city:2659994,city:2660718,Lausanne - Fribourg,428,50.789,0.030206,0,0.0013447,0.00035522,0.0084506
city:3068582,city:3078610,Pardubice - Brno,188,111.47,0.029754,0,0.0013439,0.0012152,0.008324
city:2743477,city:2751792,Zwolle - Leeuwarden,216,79.092,0.02893,0.0034106,0.00042439,0.00048505,0.0080936
city:2643123,city:2646458,Manchester - Huddersfield,432,35.29,0.028828,0,0.0033438,0.0020988,0.0080651
city:632453,city:658225,Vantaa - Helsinki,668,15.032,0.028417,0,0.00049777,0.00049777,0.0079502
city:683506,city:683844,Bucharest - Braşov,14,140.84,0.028257,0,0.0004961,0.00018923,0.0079053
city:2645298,city:2650752,Kirkcaldy - Dundee,216,40.805,0.028115,0,0.0010393,0.00015006,0.0078656
city:2645298,city:2650225,Kirkcaldy - Edinburgh,216,18.461,0.028115,0,0.0010393,0.00015006,0.0078656
city:2644688,city:2646458,Leeds - Huddersfield,432,22.594,0.027849,0,0.0021838,0.0021838,0.0077913
city:3165185,city:3173529,Trieste - Mestre,132,120.49,0.027771,0.0026392,0.0004208,0.0004208,0.0077694
city:2648579,city:2650225,Glasgow - Edinburgh,856,66.839,0.027753,0,0.00097958,0.00095824,0.0077642
city:3182714,city:3183299,Asti - Alessandria,108,31.715,0.027242,0,0.00080267,6.4024e-05,0.0076215
city:3176219,city:3183299,Genoa - Alessandria,108,62.014,0.027242,0,0.00080267,6.4024e-05,0.0076215
city:3165524,city:3182714,Turin - Asti,108,45.05,0.027242,0,0.00080267,6.4024e-05,0.0076215
city:2892794,city:2907911,Karlsruhe - Heidelberg,108,48.932,0.0269,0,0.0018735,0.00020246,0.0075257
city:2747891,city:2758401,Rotterdam - Breda,432,42.576,0.026637,0,0.0050637,0.0015663,0.0074521
city:2649808,city:2654675,Exeter - Bristol,188,104.14,0.026149,0,0.00074896,0.00062414,0.0073155
city:2972328,stn:demo:S0354,Toulon - Les Arcs,80,57.912,0.025841,0,0.0010109,0.00019663,0.0072294
city:3017253,city:3028808,Fréjus - Cannes,80,25.932,0.025841,0,0.0010109,0.00019663,0.0072294
city:3017253,stn:demo:S0354,Fréjus - Les Arcs,80,20.879,0.025841,0,0.0010109,0.00019663,0.0072294
city:2747373,city:2747891,The Hague - Rotterdam,216,21.135,0.024873,0,0.0038948,0.0015004,0.0069585
city:3169070,city:3179866,Rome - Caserta,80,176.94,0.023776,0,0.00046429,0.00043023,0.0066516
city:3179866,city:3182179,Caserta - Benevento,80,37.912,0.023776,0,0.00046429,0.00043023,0.0066516
city:3176885,city:3182179,Foggia - Benevento,80,74.205,0.023776,0,0.00046429,0.00043023,0.0066516
city:2747203,city:2751283,Sittard - Maastricht,428,20.937,0.023139,0.0036729,0.00041534,0.00041909,0.0064736
city:2744911,city:2748000,Weert - Roermond,428,20.558,0.023139,0.0036729,0.00041534,0.00041909,0.0064736
city:2747203,city:2748000,Sittard - Roermond,428,23.285,0.023139,0.0036729,0.00041534,0.00041909,0.0064736
city:2744911,city:2756253,Weert - Eindhoven,428,26.377,0.023139,0.0036729,0.00041534,0.00041909,0.0064736
city:2935022,stn:demo:S0049,Dresden - Bad Schandau,80,32.709,0.022901,0,0.00061383,0.00011251,0.0064069
city:3063548,city:3077244,Ústí nad Labem - Děčín,80,18.64,0.022901,0,0.00061383,0.00011251,0.0064069
city:3077244,stn:demo:S0049,Děčín - Bad Schandau,80,15.767,0.022901,0,0.00061383,0.00011251,0.0064069
city:3063548,city:3067696,Ústí nad Labem - Prague,80,69.381,0.022901,0,0.00061383,0.00011251,0.0064069
city:2792413,city:2792482,Liège - Leuven,216,66.806,0.022583,0,0.0011436,0.00014865,0.0063179
city:2907911,city:2938913,Heidelberg - Darmstadt,108,51.676,0.022139,0,0.0018929,0.0002339,0.0061936
city:2657896,city:2657908,Zürich - Zug,338,21.739,0.0217,0,0.00044324,0.00011174,0.0060708
city:2659836,city:3178229,Lugano - Como,122,24.388,0.0217,0,0.00044324,0.00011174,0.0060708
city:2657908,stn:demo:S0039,Zug - Arth-Goldau,338,13.86,0.0217,0,0.00044324,0.00011174,0.0060708
city:2661567,stn:demo:S0039,Bellinzona - Arth-Goldau,554,101.77,0.0217,0,0.00044324,0.00011174,0.0060708
city:3173435,city:3178229,Milan - Como,122,39.125,0.0217,0,0.00044324,0.00011174,0.0060708
city:2659836,city:2661567,Lugano - Bellinzona,554,20.785,0.0217,0,0.00044324,0.00011174,0.0060708
city:3092472,city:3099434,Malbork - Gdańsk,108,42.901,0.021407,0,0.00081874,2.359e-05,0.005989
city:3092472,city:3097902,Malbork - Iława,108,60.482,0.021407,0,0.00081874,2.359e-05,0.005989
city:3097902,city:756135,Iława - Warsaw,108,180.12,0.021407,0,0.00081874,2.359e-05,0.005989
city:716935,city:721472,Nyíregyháza - Debrecen,216,47.618,0.021328,0.0010187,0.00033531,0.00033686,0.005967
city:3081368,city:3090048,Wrocław - Opole,160,79.082,0.02069,0,0.0011246,0.0011072,0.0057883
city:680963,city:683506,Constanţa - Bucharest,132,203.09,0.020572,0.0013107,0.0006673,0.00066763,0.0057554
city:2743477,city:2751738,Zwolle - Lelystad,216,41.923,0.020265,0,0.0011593,0.00048385,0.0056695
city:2751738,city:2759879,Lelystad - Almere Stad,216,23.419,0.020265,0,0.0011593,0.00048385,0.0056695
city:2835297,city:2849483,Schwandorf in Bayern - Regensburg,80,34.499,0.019553,0,0.00045541,0.00020936,0.0054701
city:3068160,stn:demo:S0232,Pilsen - Furth im Wald,80,61.952,0.019553,0,0.00045541,0.00020936,0.0054701
city:2835297,stn:demo:S0232,Schwandorf in Bayern - Furth im Wald,80,53.539,0.019553,0,0.00045541,0.00020936,0.0054701
city:3068582,city:3069011,Pardubice - Olomouc,362,116.84,0.019109,0,0.00040769,0.00040769,0.005346
city:3068799,city:3069011,Ostrava - Olomouc,362,78.702,0.019109,0,0.00040769,0.00040769,0.005346
city:3088171,city:3095321,Poznań - Konin,160,92.103,0.018978,0,0.00073202,1.5777e-05,0.0053093
city:3094170,city:3095321,Kutno - Konin,160,75.803,0.018978,0,0.00073202,1.5777e-05,0.0053093
city:3099434,city:756135,Gdańsk - Warsaw,80,283.45,0.018943,0,0.00074564,1.4228e-05,0.0052997
city:2657896,city:2661552,Zürich - Bern,644,95.478,0.018933,0,0.00066542,0.00023578,0.0052969
city:2637487,city:2639577,Southampton - Reading,188,68.433,0.018762,0,0.0010198,0.0010198,0.0052489
city:2988507,city:2990363,Paris - Nîmes,52,578.71,0.018709,0,0.0016078,2.2932e-05,0.005234
city:3168673,stn:demo:S0676,Salerno - Villa San Giovanni,28,282.58,0.018364,0,0.00079926,3.9801e-05,0.0051376
city:3021372,stn:demo:S0072,Dijon - Besancon Franche-Comte TGV,80,70.902,0.018135,0,0.00073152,0.00025502,0.0050737
city:632453,city:659180,Vantaa - Hämeenlinna,320,84.131,0.018105,0,0.00055899,0.00015518,0.0050653
city:634963,city:659180,Tampere - Hämeenlinna,320,66.65,0.018105,0,0.00055899,0.00015518,0.0050653
city:2657970,stn:demo:S0712,Winterthur - Zurich Flughafen,644,13.612,0.018005,0,0.00048429,0.00015469,0.0050371
city:2657896,stn:demo:S0712,Zürich - Zurich Flughafen,644,9.358,0.018005,0,0.00048429,0.00015469,0.0050371
city:2523083,city:2525068,Siracusa - Catania,28,50.14,0.017793,0.00051941,0.00010342,0.00010342,0.0049779
city:2615006,city:2624886,Randers - Aalborg,216,65.698,0.017351,0.001607,0.00031632,0.00031632,0.0048543
city:2615006,city:2624652,Randers - Århus,216,35.469,0.017351,0.001607,0.00031632,0.00031632,0.0048543
city:2996944,city:3014728,Lyon - Grenoble,216,92.698,0.016617,0,0.00025422,0.00010014,0.0046489
city:2523920,city:2524170,Palermo - Messina,94,191.59,0.016466,0.0029198,0.00014804,0.00014804,0.0046067
city:3090048,city:3099230,Opole - Gliwice,160,67.419,0.016332,0,0.0010459,0.0010391,0.0045691
city:2657215,city:2657832,Arbroath - Aberdeen,216,71.074,0.015265,0,0.00052634,7.0673e-05,0.0042707
city:2650752,city:2657215,Dundee - Arbroath,216,25.972,0.015265,0,0.00052634,7.0673e-05,0.0042707
city:2747373,city:2751773,The Hague - Leiden,856,16.085,0.015246,0,0.0011861,0.00046798,0.0042652
city:2667303,city:3154209,Trollhättan - Halden,52,107.03,0.015238,0,0.00016096,0.0001481,0.004263
city:3140084,city:3154209,Sarpsborg - Halden,52,23.737,0.015238,0,0.00016096,0.0001481,0.004263
city:3145375,city:3156529,Moss - Fredrikstad,52,28.543,0.015238,0,0.00016096,0.0001481,0.004263
city:3143244,city:3145375,Oslo - Moss,52,53.46,0.015238,0,0.00016096,0.0001481,0.004263
city:2667303,city:2711537,Trollhättan - Gothenburg,52,66.85,0.015238,0,0.00016096,0.0001481,0.004263
city:3140084,city:3156529,Sarpsborg - Fredrikstad,52,12.572,0.015238,0,0.00016096,0.0001481,0.004263
city:3164527,city:3165243,Verona - Trento,66,70.672,0.014808,0,0.00031155,0.00013083,0.0041428
city:3143244,city:3147465,Oslo - Lillestrøm,42,17.556,0.014602,0,0.00045216,0.00045216,0.0040852
city:2701680,stn:demo:S0040,Karlstad - Arvika,42,60.21,0.014602,0,0.00045216,0.00045216,0.0040852
city:3147465,stn:demo:S0321,Lillestrøm - Kongsvinger,42,58.726,0.014602,0,0.00045216,0.00045216,0.0040852
city:2686657,city:2701680,Örebro - Karlstad,42,97.308,0.014602,0,0.00045216,0.00045216,0.0040852
stn:demo:S0040,stn:demo:S0321,Arvika - Kongsvinger,42,67.922,0.014602,0,0.00045216,0.00045216,0.0040852
stn:demo:S0108,stn:demo:S0679,Brig - Visp,474,8.604,0.01429,0,0.00025313,9.0902e-05,0.0039978
city:3021372,city:3027484,Dijon - Chalon-sur-Saône,132,60.423,0.01423,0,0.00025084,0.00012457,0.0039809
city:2996882,city:2996944,Mâcon - Lyon,132,62.845,0.01423,0,0.00025084,0.00012457,0.0039809
city:2996882,city:3027484,Mâcon - Chalon-sur-Saône,132,51.97,0.01423,0,0.00025084,0.00012457,0.0039809
city:3170647,city:3174659,Pisa - Livorno,66,19.299,0.013765,0,0.00011698,9.3844e-05,0.0038509
city:3094802,city:757026,Kraków - Tarnów,108,75.204,0.013461,0.0034391,0.00017241,0.00017445,0.0037659
city:2659994,stn:demo:S0660,Lausanne - Vallorbe,52,29.169,0.01319,0,0.00044387,2.5868e-05,0.0036902
city:3021372,stn:demo:S0226,Dijon - Frasne,52,100.59,0.01319,0,0.00044387,2.5868e-05,0.0036902
stn:demo:S0226,stn:demo:S0660,Frasne - Vallorbe,52,23.14,0.01319,0,0.00044387,2.5868e-05,0.0036902
city:2991214,city:3024297,Mulhouse - Colmar,216,36.609,0.013167,0,0.0012032,0.00025924,0.0036837
city:2973783,city:3024297,Strasbourg - Colmar,268,62.927,0.013167,0,0.0012032,0.00025924,0.0036837
city:2670781,city:602150,Sundsvall - Umeå,14,218.13,0.012925,0.00026724,0.000115,0.000115,0.0036161
city:2988507,city:3014728,Paris - Grenoble,94,481.63,0.01265,0,0.00049245,5.6242e-06,0.0035391
city:2849483,city:2881485,Regensburg - Landshut,80,54.167,0.012147,0,0.00046384,5.6032e-05,0.0033983
city:2867714,city:2881485,Munich - Landshut,80,61.482,0.012147,0,0.00046384,5.6032e-05,0.0033983
city:2636910,city:2648579,Stirling - Glasgow,324,34.569,0.012069,0,0.00057639,0.00057639,0.0033764
city:2636910,city:2640358,Stirling - Perth,324,43.792,0.012069,0,0.00057639,0.00057639,0.0033764
city:2640358,city:2650752,Perth - Dundee,216,29.245,0.012069,0,0.00057639,0.00057639,0.0033764
city:3044774,city:3054643,Székesfehérvár - Budapest,14,58.565,0.012029,0,7.5573e-05,7.5361e-05,0.0033654
city:2759661,city:2934246,Arnhem - Düsseldorf,14,103.33,0.01175,0,0.0025884,0.00081206,0.0032873
city:2892794,city:2918632,Karlsruhe - Göttingen,14,301.02,0.011552,0,0.0024498,1.8398e-05,0.0032319
city:2766824,stn:demo:S0701,Salzburg - Worgl,66,81.275,0.011356,0,0.00039042,8.8163e-05,0.0031769
city:2775220,stn:demo:S0701,Innsbruck - Worgl,66,56.194,0.011356,0,0.00039042,8.8163e-05,0.0031769
city:2988507,city:2995469,Paris - Marseille,94,660.5,0.011111,0,0.0009658,9.0478e-06,0.0031084
city:2643123,city:2644210,Manchester - Liverpool,216,49.661,0.011089,0,0.0013776,0.0013776,0.0031023
city:633679,city:637948,Turku - Salo,216,48.065,0.010938,0,0.0004109,0.0004109,0.00306
city:637948,city:660158,Salo - Espoo,216,86.003,0.010938,0,0.0004109,0.0004109,0.00306
city:3060972,city:3078773,Bratislava - Břeclav,80,69.911,0.01092,0,0.0011901,0.0011323,0.0030549
stn:demo:S0363,stn:demo:S0631,Limerick Junction - Thurles,240,33.568,0.010527,0,0.00020129,0.00020129,0.0029451
city:2962026,city:2964574,Portlaoise - Dublin,240,77.5,0.010527,0,0.00020129,0.00020129,0.0029451
city:2962026,stn:demo:S0631,Portlaoise - Thurles,240,51.71,0.010527,0,0.00020129,0.00020129,0.0029451
city:2965140,stn:demo:S0403,Cork - Mallow,240,28.441,0.010527,0.00022893,0.00020129,0.00020129,0.0029451
stn:demo:S0363,stn:demo:S0403,Limerick Junction - Mallow,240,50.388,0.010527,0.00022893,0.00020129,0.00020129,0.0029451
city:2658576,stn:demo:S0679,Sitten - Visp,42,41.141,0.010491,0,0.00025313,4.7666e-05,0.0029351
city:2658576,city:2659601,Sitten - Montreux,42,41.058,0.010491,0,0.00025313,4.7666e-05,0.0029351
city:3085151,city:3099434,Sopot - Gdańsk,108,11.505,0.010439,0,0.00041377,2.1091e-05,0.0029204
city:3085151,city:3099424,Sopot - Gdynia,108,8.763,0.010439,0,0.00041377,2.1091e-05,0.0029204
city:2762372,city:2774326,Villach - Klagenfurt am Wörthersee,108,34.365,0.010092,0,9.3578e-05,8.3455e-05,0.0028234
city:2659601,city:2659994,Montreux - Lausanne,42,23.245,0.0098748,0,0.00025313,4.7022e-05,0.0027626
city:2666199,stn:demo:S0034,Uppsala - Arlanda C,428,28.432,0.0097586,0,0.00025501,8.0972e-05,0.0027301
city:2673730,stn:demo:S0034,Stockholm - Arlanda C,428,36.405,0.0097586,0,0.00025501,8.0972e-05,0.0027301
city:2886242,city:2925533,Köln - Frankfurt am Main,14,152.63,0.0096936,0,0.0023941,6.6439e-05,0.0027119
city:3099424,city:3099434,Gdynia - Gdańsk,80,20.019,0.0096469,0,0.00039287,2.1091e-05,0.0026989
city:3165201,city:3173529,Treviso - Mestre,108,19.468,0.0093461,0,0.00021783,9.3634e-05,0.0026147
city:3165072,city:3165201,Udine - Treviso,108,89.136,0.0093461,0,0.00021783,9.3634e-05,0.0026147
city:658225,city:660158,Helsinki - Espoo,216,16.154,0.0092273,0,0.0004195,0.0004195,0.0025815
city:3053590,stn:demo:S0569,Dombóvár - Sarbogard,108,67.698,0.0084387,0.0017397,7.6062e-05,7.6062e-05,0.0023608
city:3054643,stn:demo:S0569,Budapest - Sarbogard,108,75.031,0.0084387,0.0017397,7.6062e-05,7.6062e-05,0.0023608
city:3046526,city:3053590,Pécs - Dombóvár,108,34.131,0.0084387,0.0017397,7.6062e-05,7.6062e-05,0.0023608
city:757026,city:759734,Tarnów - Rzeszów,108,72.357,0.0083297,0.0021313,0.0001027,0.0001027,0.0023304
city:2779674,stn:demo:S0119,Feldkirch - Buchs SG,80,11.741,0.0081427,0,0.00019799,4.0773e-05,0.002278
city:2657896,stn:demo:S0570,Zürich - Sargans,296,76.555,0.0081427,0,0.00019799,4.0773e-05,0.002278
stn:demo:S0119,stn:demo:S0570,Buchs SG - Sargans,80,13.903,0.0081427,0,0.00019799,4.0773e-05,0.002278
city:2640194,city:2649808,Plymouth - Exeter,200,58.516,0.0081277,0,0.0024035,0.00016002,0.0022738
city:2879139,city:2911522,Leipzig - Halle (Saale),108,31.427,0.007999,0,0.00058845,0.00019481,0.0022379
city:2779674,city:2781680,Feldkirch - Bludenz,66,19.289,0.007973,0,0.00019799,4.0773e-05,0.0022306
city:2781680,stn:demo:S0336,Bludenz - Landeck-Zams,66,56.555,0.007973,0,0.00019799,4.0773e-05,0.0022306
city:2775220,stn:demo:S0336,Innsbruck - Landeck-Zams,66,63.803,0.007973,0,0.00019799,4.0773e-05,0.0022306
city:3077920,city:3078610,Česká Třebová - Brno,108,79.734,0.0079289,0,0.00060795,0,0.0022182
city:3067696,city:3073371,Prague - Kolín,108,56.013,0.0079289,0,0.00060795,0,0.0022182
city:3068582,city:3073371,Pardubice - Kolín,108,41.221,0.0079289,0,0.00060795,0,0.0022182
city:3068582,city:3077920,Pardubice - Česká Třebová,108,50.09,0.0079289,0,0.00060795,0,0.0022182
city:3096472,city:3103402,Katowice - Bielsko-Biala,80,48.653,0.0076156,0.0022109,0.00018861,0.00018861,0.0021306
city:2855328,city:2861650,Passau - Nuremberg,28,198.01,0.0073903,0,0.0015991,9.5092e-06,0.0020675
city:2619771,stn:demo:S0589,Horsens - Skanderborg,428,19.967,0.0073847,0,0.00047928,0.00072166,0.002066
city:2624652,stn:demo:S0589,Århus - Skanderborg,428,22.016,0.0073847,0,0.00047928,0.00072166,0.002066
city:2610613,city:2619771,Vejle - Horsens,428,25.892,0.0073847,0,0.00047928,0.00072166,0.002066
city:634963,city:637219,Tampere - Seinäjoki,132,152.4,0.0073784,8.3139e-05,6.0654e-05,6.0654e-05,0.0020642
city:637219,city:651943,Seinäjoki - Kokkola,132,117.07,0.0073784,8.3139e-05,6.0654e-05,6.0654e-05,0.0020642
city:643492,city:651943,Oulu - Kokkola,132,172.1,0.0073784,8.3139e-05,6.0654e-05,6.0654e-05,0.0020642
city:2761353,city:2761369,Wiener Neustadt - Vienna,324,46.077,0.0073623,0,0.0002706,5.0983e-05,0.0020597
city:2761353,stn:demo:S0114,Wiener Neustadt - Bruck an der Mur,324,83.62,0.0073623,0,0.0002706,5.0983e-05,0.0020597
city:2778067,stn:demo:S0114,Graz - Bruck an der Mur,216,40.464,0.0073623,0,0.0002706,5.0983e-05,0.0020597
city:3053163,city:3054643,Esztergom - Budapest,80,39.669,0.0071121,0,0.0004328,0.0004328,0.0019897
city:3053163,city:3060972,Esztergom - Bratislava,80,127.95,0.0071121,0,0.0004328,0.0004328,0.0019897
city:2972328,city:3028808,Toulon - Cannes,122,99.722,0.0070096,0,0.00037309,0.00017142,0.001961
city:2761369,city:2772400,Vienna - Linz,42,154.81,0.0066907,0,0.0014288,9.5092e-06,0.0018718
city:2610613,city:2624652,Vejle - Århus,216,65.143,0.0066874,0,0.00062639,0.00066293,0.0018709
city:2988507,city:3029974,Paris - Brive-la-Gaillarde,14,415.43,0.0065639,0,0.0016298,0,0.0018364
city:2747373,city:2755420,The Hague - Gouda,216,28.803,0.0062059,0,0.00082485,0.00046756,0.0017362
city:2639577,city:2649808,Reading - Exeter,12,196.24,0.0061793,0,0.0037734,1.1074e-05,0.0017288
city:3096472,city:3099230,Katowice - Gliwice,160,24.886,0.006165,0,0.00093411,0.00089825,0.0017248
stn:demo:S0384,stn:demo:S0419,Lorraine TGV - Meuse TGV,42,65.623,0.0058278,0,0.0021481,0,0.0016304
city:2973783,stn:demo:S0384,Strasbourg - Lorraine TGV,42,122.37,0.0058278,0,0.0021481,0,0.0016304
stn:demo:S0145,stn:demo:S0419,Champagne-Ardenne TGV - Meuse TGV,42,96.627,0.0058278,0,0.0021481,0,0.0016304
city:2988507,stn:demo:S0145,Paris - Champagne-Ardenne TGV,42,126.5,0.0058278,0,0.0021481,0,0.0016304
city:2766824,city:2775220,Salzburg - Innsbruck,122,137.47,0.0058051,0,0.00020988,6.2904e-05,0.0016241
city:2643743,city:2648579,London - Glasgow,12,555.38,0.0055445,0,0.0025852,0,0.0015511
city:2666199,city:2670781,Uppsala - Sundsvall,14,282.16,0.0052357,0,0.000115,2.1632e-05,0.0014648
city:2650752,city:2657832,Dundee - Aberdeen,216,92.057,0.0051907,0,0.00017426,0.00017426,0.0014522
city:2983990,city:3003603,Rennes - Le Mans,80,140.01,0.0049761,0,7.7865e-05,7.7865e-05,0.0013921
city:2973783,city:2990999,Strasbourg - Nancy,132,115.22,0.0049651,0,0.0001147,9.68e-05,0.0013891
city:2972191,city:2986495,Tours - Poitiers,160,94.364,0.0049243,0,9.168e-05,1.1548e-05,0.0013776
city:632453,city:634963,Vantaa - Tampere,132,150.16,0.0045645,0,0.00059817,0,0.001277
city:3067696,city:3068160,Prague - Pilsen,296,83.739,0.0045074,0,0.0002669,3.669e-05,0.001261
city:2751773,city:2759794,Leiden - Amsterdam,428,36.108,0.0044323,0,0.00057166,0.00010814,0.00124
city:2825297,city:2831948,Stuttgart - Sindelfingen,108,14.901,0.0042755,0,0.00013714,7.3155e-06,0.0011961
city:2831948,city:2899101,Sindelfingen - Horb am Neckar,108,37.174,0.0042755,0,0.00013714,7.3155e-06,0.0011961
city:2843636,city:2899101,Rottweil - Horb am Neckar,108,31.098,0.0042755,0,0.00013714,7.3155e-06,0.0011961
city:2657896,city:2658761,Zürich - Schaffhausen,108,37.315,0.0042755,0,0.00013714,7.3155e-06,0.0011961
city:2658761,city:2831924,Schaffhausen - Singen,108,16.838,0.0042755,0,0.00013714,7.3155e-06,0.0011961
city:2820693,city:2843636,Tuttlingen - Rottweil,108,24.804,0.0042755,0,0.00013714,7.3155e-06,0.0011961
city:2820693,city:2831924,Tuttlingen - Singen,108,25.108,0.0042755,0,0.00013714,7.3155e-06,0.0011961
city:2666199,city:2673730,Uppsala - Stockholm,122,63.647,0.003773,0,0.00036547,8.0545e-06,0.0010556
city:3169070,city:3173435,Rome - Milan,160,478.6,0.0034255,0,0,0,0.00095835
city:2974733,city:2992166,Sète - Montpellier,52,27.473,0.0029137,0,0.00027595,4.1689e-06,0.00081514
city:2974733,city:3032833,Sète - Béziers,52,39.299,0.0029137,0,0.00027595,4.1689e-06,0.00081514
city:2871992,city:2877550,Memmingen - Lindau,80,61.397,0.0027549,0,0.00018891,4.4975e-05,0.00077072
city:2867714,city:2871992,Munich - Memmingen,80,104.72,0.0027549,0,0.00018891,4.4975e-05,0.00077072
city:2657970,city:2658822,Winterthur - Sankt Gallen,508,49.747,0.0027549,0,0.00018891,4.4975e-05,0.00077072
city:2781503,city:2877550,Bregenz - Lindau,80,6.716,0.0027549,0,0.00018891,4.4975e-05,0.00077072
city:2658822,city:2781503,Sankt Gallen - Bregenz,80,29.342,0.0027549,0,0.00018891,4.4975e-05,0.00077072
city:2659496,city:2661513,Neuchâtel - Biel/Bienne,216,28.822,0.0026157,0,0.00050115,1.1991e-05,0.0007318
city:2657896,city:2659297,Zürich - Olten,216,48.748,0.0026157,0,0.00050115,1.1991e-05,0.0007318
city:2658564,city:2659297,Solothurn - Olten,216,31.821,0.0026157,0,0.00050115,1.1991e-05,0.0007318
city:2657941,city:2659994,Yverdon-les-Bains - Lausanne,216,29.198,0.0026157,0,0.00050115,1.1991e-05,0.0007318
city:2657941,city:2659496,Yverdon-les-Bains - Neuchâtel,216,32.367,0.0026157,0,0.00050115,1.1991e-05,0.0007318
city:2658564,city:2661513,Solothurn - Biel/Bienne,216,23.366,0.0026157,0,0.00050115,1.1991e-05,0.0007318
city:2615876,city:2618425,Odense - Copenhagen,216,140.49,0.0021234,0,0.00063928,0.00056788,0.00059405
city:2986495,city:3031582,Poitiers - Bordeaux,52,206.49,0.0016502,0,9.168e-05,0,0.00046168
city:3094802,city:3096472,Kraków - Katowice,160,68.798,0.0016174,0,0.00041633,0.00041633,0.00045249
city:3081368,city:3093133,Wrocław - Łódź,80,184.95,0.0015507,0,0.00052891,0.00052891,0.00043384
city:632453,city:649360,Vantaa - Lahti,216,83.702,0.0015361,0.00039534,4.3825e-05,4.3825e-05,0.00042974
city:641869,city:646005,Pieksämäki - Mikkeli,108,68.374,0.0015361,0.00011543,4.3825e-05,4.3825e-05,0.00042974
city:641869,city:650224,Pieksämäki - Kuopio,108,71.505,0.0015361,0.00011543,4.3825e-05,4.3825e-05,0.00042974
city:646005,city:650859,Mikkeli - Kouvola,108,96.371,0.0015361,0.00011543,4.3825e-05,4.3825e-05,0.00042974
city:649360,city:650859,Lahti - Kouvola,216,57.579,0.0015361,0.00011543,4.3825e-05,4.3825e-05,0.00042974
city:2615876,city:2616933,Odense - Middelfart,644,43.244,0.0014911,0,5.3301e-05,0.00056788,0.00041717
city:2616933,city:2621951,Middelfart - Fredericia,428,6.789,0.0014911,0,5.3301e-05,0.00056788,0.00041717
city:258576,city:734077,Lárisa - Thessaloníki,80,120.73,0.0013733,0.00023137,0.00013479,0.00013479,0.00038421
city:2643743,city:2650225,London - Edinburgh,12,533.66,0.001343,0,0,0,0.00037572
city:2735943,city:2742032,Porto - Braga,108,47.466,0.0013126,0.00087698,7.0331e-05,7.0331e-05,0.00036722
city:2761369,city:2778067,Vienna - Graz,28,144.77,0.00096548,0,0.0002706,5.3591e-07,0.00027011
city:2990440,city:3028808,Nice - Cannes,14,26.469,0.00092427,0,0.00037309,0,0.00025858
city:2964574,city:2964661,Dublin - Drogheda,160,43.398,0.00091037,0.00078948,0.00074259,0.00074259,0.00025469
city:2640085,city:2655984,Portadown - Belfast,160,38.674,0.00091037,0.00078948,0.00074259,0.00074259,0.00025469
city:2964540,city:2964661,Dundalk - Drogheda,160,31.583,0.00091037,0.00078948,0.00074259,0.00074259,0.00025469
city:2640085,city:2641581,Portadown - Newry,160,28.071,0.00091037,0.00078948,0.00074259,0.00074259,0.00025469
city:2641581,city:2964540,Newry - Dundalk,160,20.501,0.00091037,0.00078948,0.00074259,0.00074259,0.00025469
city:717582,city:724443,Miskolc - Košice,42,76.635,0.00089736,0,0.00012885,1.4982e-06,0.00025105
city:2657896,city:2657970,Zürich - Winterthur,80,20.256,0.0008914,0,0.00045429,0,0.00024938
city:670474,city:683844,Ploieşti - Braşov,132,84.057,0.00080003,0,3.5914e-05,3.4789e-05,0.00022382
city:3035681,stn:demo:S0656,Avignon - Valence TGV,80,116.74,0.00060722,0,0.00057499,-2.3198e-06,0.00016988
city:2996944,stn:demo:S0656,Lyon - Valence TGV,80,84.887,0.00060722,0,0.00057499,-2.3198e-06,0.00016988
city:723526,city:723846,Spišská Nová Ves - Poprad,132,23.201,0.00050957,0,2.7694e-05,3.494e-05,0.00014256
city:723526,city:724443,Spišská Nová Ves - Košice,132,57.049,0.00050957,0,2.7694e-05,3.494e-05,0.00014256
city:3057124,city:3060972,Trnava - Bratislava,132,43.708,0.00050957,0,2.7694e-05,3.494e-05,0.00014256
city:3056508,city:723846,Žilina - Poprad,132,114.79,0.00050957,0,2.7694e-05,3.494e-05,0.00014256
city:3057124,city:3057140,Trnava - Trenčín,132,66.606,0.00050957,0,2.7694e-05,3.494e-05,0.00014256
city:3056508,city:3057140,Žilina - Trenčín,132,62.451,0.00050957,0,2.7694e-05,3.494e-05,0.00014256
city:633679,city:634963,Turku - Tampere,108,142.4,0.00039978,0,6.6257e-06,6.6257e-06,0.00011184
city:3174659,city:3175786,Livorno - Grosseto,66,107.63,0.00030273,0,4.222e-05,5.7821e-06,8.4693e-05
city:3169070,city:3178587,Rome - Civitavecchia,66,63.156,0.00030273,0,4.222e-05,5.7821e-06,8.4693e-05
city:3175786,city:3178587,Grosseto - Civitavecchia,66,93.423,0.00030273,0,4.222e-05,5.7821e-06,8.4693e-05
stn:demo:S0182,stn:demo:S0476,Dombas - Oppdal,66,64.862,0.00028476,0.00058145,3.612e-06,3.612e-06,7.9665e-05
city:3143244,stn:demo:S0480,Oslo - Oslo Lufthavn,66,36.781,0.00028476,0.00058145,3.612e-06,3.612e-06,7.9665e-05
city:3133880,stn:demo:S0611,Trondheim - Storen,66,44.333,0.00028476,0.00058145,3.612e-06,3.612e-06,7.9665e-05
city:3147474,city:3154084,Lillehammer - Hamar,66,48.231,0.00028476,0.00058145,3.612e-06,3.612e-06,7.9665e-05
city:3154084,stn:demo:S0480,Hamar - Oslo Lufthavn,66,66.904,0.00028476,0.00058145,3.612e-06,3.612e-06,7.9665e-05
city:3147474,stn:demo:S0484,Lillehammer - Otta,66,88.204,0.00028476,0.00058145,3.612e-06,3.612e-06,7.9665e-05
stn:demo:S0476,stn:demo:S0611,Oppdal - Storen,66,57.403,0.00028476,0.00058145,3.612e-06,3.612e-06,7.9665e-05
stn:demo:S0182,stn:demo:S0484,Dombas - Otta,66,39.813,0.00028476,0.00058145,3.612e-06,3.612e-06,7.9665e-05
city:3143244,city:3159016,Oslo - Drammen,118,35.617,0.00026835,0.0033558,3.905e-06,3.905e-06,7.5075e-05
city:2986495,city:3037598,Poitiers - Angoulême,108,104.73,0.00019817,0,9.168e-05,0,5.5441e-05
city:3031582,city:3037598,Bordeaux - Angoulême,108,106.71,0.00019817,0,9.168e-05,0,5.5441e-05
city:2688368,city:2692969,Norrköping - Malmö,8,383.76,9.6471e-05,0,0,0,2.6989e-05
city:2673730,city:2688368,Stockholm - Norrköping,8,135.55,9.6471e-05,0,0,0,2.6989e-05
city:2618425,city:2692969,Copenhagen - Malmö,8,28.401,1.9033e-05,0,0,0,5.3249e-06
city:2659811,stn:demo:S0039,Luzern - Arth-Goldau,216,18.362,0,0,0,0,0
city:2658145,city:2659601,Vevey - Montreux,216,6.184,0,0,0,0,0
city:602150,city:606531,Umeå - Boden,14,232.07,0,0,0,0,0
city:2640358,city:2643743,Perth - London,12,584.68,0,0,0,0,0
city:3186886,city:3197728,Zagreb - Koprivnica,14,76.404,0,0,0,0,0
city:2661604,city:2886242,Basel - Köln,14,377.99,0,0,0,0,0
city:604490,city:606531,Luleå - Boden,14,34.247,0,0,0,0,0
city:2775220,city:2867714,Innsbruck - Munich,14,98.208,0,0,0,0,0
city:2775220,city:3164527,Innsbruck - Verona,14,205.15,0,0,0,0,0
city:3047679,city:3197728,Nagykanizsa - Koprivnica,14,34.528,0,0,0,0,0
city:3016702,stn:demo:S0107,Gap - Briancon,14,57.923,0,0,0,0,0
city:3045332,city:3047679,Siófok - Nagykanizsa,14,95.585,0,0,0,0,0
city:2988507,city:3016702,Paris - Gap,14,555.67,0,0,0,0,0
city:3186886,city:3345300,Zagreb - Karlovac,28,48.935,0,0.0010847,0,0,0
city:3165072,city:3181928,Udine - Bologna,14,229.66,0,0,0,0,0
city:3190261,stn:demo:S0311,Split - Knin,28,62.249,0,0.0010847,0,0,0
city:3164582,city:3167777,Ventimiglia - Sanremo,52,13.867,0,0,0,0,0
city:2964574,stn:demo:S0363,Dublin - Limerick Junction,108,160.22,0,0,0,0,0
city:2774326,stn:demo:S0114,Klagenfurt am Wörthersee - Bruck an der Mur,108,114.68,0,0,0,0,0
city:3064379,city:3067696,Tábor - Prague,108,76.816,0,0,0,0,0
city:2658576,city:2658606,Sitten - Sierre,216,15.588,0,0,0,0,0
city:2797656,city:2803138,Gent - Antwerp,216,51.325,0,0,0,0,0
city:2790869,city:2800866,Mons - Brussels,216,52.186,0,0,0,0,0
city:2658377,stn:demo:S0596,Thun - Spiez,216,8.503,0,0,0,0,0
city:2670781,city:2704613,Sundsvall - Hudiksvall,108,74.554,0,0,0,0,0
city:2666199,city:2712414,Uppsala - Gävle,108,94.754,0,0,0,0,0
city:3064379,city:3077916,Tábor - České Budějovice,108,50.703,0,0,0,0,0
stn:demo:S0293,stn:demo:S0596,Interlaken Ost - Spiez,216,14.425,0,0,0,0,0
city:3174953,city:3182351,Lecce - Bari,108,138.91,0,0,0,0,0
city:2704613,city:2712414,Hudiksvall - Gävle,108,117.1,0,0,0,0,0
city:2939797,city:2955936,Crailsheim - Ansbach,108,42.328,0,0,0,0,0
city:2658576,city:2659748,Sitten - Martigny-Ville,216,25.836,0,0,0,0,0
city:2659748,stn:demo:S0010,Martigny-Ville - Aigle,216,25.343,0,0,0,0,0
city:2988507,city:3027422,Paris - Chambéry,66,454.2,0,0,0,0,0
city:3175081,city:3176219,La Spezia - Genoa,66,77.659,0,0,0,0,0
city:2661169,stn:demo:S0337,Chur - Landquart,216,11.427,0,0,0,0,0
city:2659811,city:2661552,Luzern - Bern,216,66.123,0,0,0,0,0
city:2962943,stn:demo:S0363,Limerick - Limerick Junction,108,33.888,0,0.00016255,0,0,0
city:2643123,stn:demo:S0405,Manchester - Manchester Airport,216,13.106,0,0,0,0,0
city:2267057,city:2268339,Lisbon - Faro,66,217.98,0,0,0,0,0
city:2659601,stn:demo:S0010,Montreux - Aigle,216,13.412,0,0,0,0,0
city:2652002,city:2653228,Crewe - Chester,80,31.749,0,0,0,0,0
city:2988507,city:3036784,Paris - Arras,80,163.09,0,0,0,0,0
city:258576,city:264371,Lárisa - Athens,80,215.09,0,0.00018533,0,0,0
city:680332,city:683506,Craiova - Bucharest,80,183.75,0,0.0014505,0,0,0
city:2653228,city:2656397,Chester - Bangor,80,82.51,0,0,0,0,0
city:2656397,stn:demo:S0284,Bangor - Holyhead,80,34.697,0,0,0,0,0
city:2939797,city:2959927,Crailsheim - Aalen,108,33.025,0,0,0,0,0
city:2960992,city:2963398,Waterford - Kilkenny,94,45.03,0,0,0,0,0
city:3021000,city:3036784,Douai - Arras,80,22.806,0,0,0,0,0
city:3025466,city:3029241,Cherbourg - Caen,108,104.02,0,0,0,0,0
city:2971041,city:3021000,Valenciennes - Douai,80,31.65,0,0,0,0,0
city:2984701,city:2997577,Quimper - Lorient,80,60.77,0,0,0,0,0
city:2970777,city:2983990,Vannes - Rennes,80,95.551,0,0,0,0,0
city:2970777,city:2997577,Vannes - Lorient,80,46.742,0,0,0,0,0
city:2963398,city:2964574,Kilkenny - Dublin,94,101.03,0,0,0,0,0
city:2643743,city:2652002,London - Crewe,80,236.68,0,0,0,0,0
city:727011,city:728203,Sofia - Pleven,42,132.07,0,0.0002021,0,0,0
city:2762372,city:3165072,Villach - Udine,14,76.643,0,0,0,0,0
city:2775220,city:2779674,Innsbruck - Feldkirch,14,135.68,0,0,0,0,0
city:2761369,city:2762372,Vienna - Villach,14,259.66,0,0,0,0,0
city:3044774,city:3045332,Székesfehérvár - Siófok,14,41.506,0,0,0,0,0
city:3164603,city:3173529,Venice - Mestre,456,9.116,0,0,0,0,0
city:2990969,city:3006787,Nantes - La Rochelle,42,121.14,0,0,0,0,0
city:3172394,stn:demo:S0676,Naples - Villa San Giovanni,14,315.44,0,0,0,0,0
stn:demo:S0437,stn:demo:S0605,Mosjoen - Steinkjer,28,217.67,0,0,0,0,0
city:728203,city:731233,Pleven - Gorna Oryahovitsa,42,93.579,0,0.0002021,0,0,0
city:2995206,city:2996944,Massy - Lyon,28,383.53,0,0,0,0,0
city:726848,city:732770,Stara Zagora - Burgas,42,150.02,0,0.00019306,0,0,0
city:726848,city:728193,Stara Zagora - Plovdiv,42,79.669,0,0.00034385,0,0,0
city:726050,city:731233,Varna - Gorna Oryahovitsa,42,179.38,0,0.0002021,0,0,0
city:3145614,city:3160881,Mo i Rana - Bodø,28,108.33,0,0,0,0,0
city:2778067,city:3195506,Graz - Maribor,28,58.956,0,0,0,0,0
city:3345300,stn:demo:S0311,Karlovac - Knin,28,169.23,0,0.0010847,0,0,0
city:3145614,stn:demo:S0437,Mo i Rana - Mosjoen,28,68.218,0,0,0,0,0
city:3133880,stn:demo:S0605,Trondheim - Steinkjer,28,84.593,0,0,0,0,0
stn:demo:S0239,stn:demo:S0250,Geilo - Gol,66,44.483,0,0.0013188,0,0,0
city:3170647,city:3175081,Pisa - La Spezia,66,63.89,0,0,0,0,0
city:3031133,city:3038789,Boulogne-sur-Mer - Abbeville,66,70.669,0,0,0,0,0
city:3037854,city:3038789,Amiens - Abbeville,66,40.286,0,0,0,0,0
city:2658606,stn:demo:S0679,Sierre - Visp,216,26.617,0,0,0,0,0
city:3149563,city:3159016,Kongsberg - Drammen,52,32.2,0,0.0017488,0,0,0
city:2972191,city:2995206,Tours - Massy,52,188.96,0,0,0,0,0
city:2790471,city:2803073,Namur - Arlon,108,110.36,0,0,0,0,0
city:3196359,city:3202781,Ljubljana - Celje,188,61.533,0,0,0,0,0
city:2803073,city:2960316,Arlon - Luxembourg,108,24.176,0,0,0,0,0
city:2510409,city:3117735,Toledo - Madrid,188,67.791,0,0,0,0,0
city:2994497,city:3164582,Menton - Ventimiglia,216,8.504,0,0,0,0,0
city:2993458,city:2994497,Monaco - Menton,216,7.965,0,0,0,0,0
stn:demo:S0596,stn:demo:S0679,Spiez - Visp,216,46.25,0,0,0,0,0
city:2618528,city:2622447,Kolding - Esbjerg,216,64.33,0,0,0,0,0
city:2616933,city:2618528,Middelfart - Kolding,216,16.365,0,0,0,0,0
city:3159016,stn:demo:S0285,Drammen - Honefoss,66,47.252,0,0.0013188,0,0,0
city:3161732,stn:demo:S0682,Bergen - Voss,66,65.194,0,0.0013188,0,0,0
city:759734,city:761168,Rzeszów - Przemyśl,108,61.957,0,0,0,0,0
city:2825297,city:2959927,Stuttgart - Aalen,108,67.38,0,0,0,0,0
stn:demo:S0250,stn:demo:S0285,Gol - Honefoss,66,93.242,0,0.0013188,0,0,0
city:2960316,city:2972811,Luxembourg - Thionville,400,27.858,0,0,0,0,0
city:2972811,city:2994160,Thionville - Metz,400,26.794,0,0,0,0,0
city:648900,city:650859,Lappeenranta - Kouvola,108,83.135,0,0,0,0,0
city:2658377,city:2661552,Thun - Bern,216,25.592,0,0,0,0,0
city:2659297,city:2659811,Olten - Luzern,216,45.127,0,0,0,0,0
stn:demo:S0444,stn:demo:S0682,Myrdal - Voss,66,40.307,0,0.0013188,0,0,0
stn:demo:S0219,stn:demo:S0444,Finse - Myrdal,66,25.534,0,0.0013188,0,0,0
city:2998324,stn:demo:S0008,Lille - Aeroport CDG 2 TGV,254,184.53,0,0,0,0,0
city:2789786,city:2800931,Ostend - Brugge,216,20.718,0,0,0,0,0
city:2640194,city:2640377,Plymouth - Penzance,228,103.04,0,0,0,0,0
stn:demo:S0008,stn:demo:S0410,Aeroport CDG 2 TGV - Marne-la-Vallee Chessy,254,21.502,0,0,0,0,0
city:2986495,city:2988507,Poitiers - Paris,66,293.68,0,0,0,0,0
city:2986495,city:3006787,Poitiers - La Rochelle,66,123.87,0,0,0,0,0
stn:demo:S0219,stn:demo:S0239,Finse - Geilo,66,39.095,0,0.0013188,0,0,0
city:3027422,city:3037543,Chambéry - Annecy,66,41.27,0,0,0,0,0
city:2756987,city:2759821,Deventer - Amersfoort,6,54.062,0,0,0,0,0
city:2658145,city:2659994,Vevey - Lausanne,216,17.169,0,0,0,0,0
stn:demo:S0337,stn:demo:S0570,Landquart - Sargans,216,13.976,0,0,0,0,0
city:2990440,city:2993458,Nice - Monaco,216,13.047,0,0,0,0,0
city:2636882,city:2638077,Stockport - Sheffield,428,45.959,0,0,0,0,0
city:2657896,city:2659811,Zürich - Luzern,428,39.685,0,0,0,0,0
city:2861650,city:2955936,Nuremberg - Ansbach,108,38.804,0,0,0,0,0
city:2964574,city:3313472,Dublin - Athlone,132,112.43,0,0,0,0,0
city:727011,city:728193,Sofia - Plovdiv,122,131.72,0,0.0012629,0,0,0
city:2640358,city:2646088,Perth - Inverness,120,129.75,0,0,0,0,0
city:3167022,city:3167777,Savona - Sanremo,52,78.22,0,0,0,0,0
city:3167022,city:3176219,Savona - Genoa,52,38.643,0,0,0,0,0
city:3149318,city:3149563,Kristiansand - Kongsberg,52,194.06,0,0.0017488,0,0,0
city:3137115,stn:demo:S0202,Stavanger - Egersund,52,59.695,0,0.00091659,0,0,0
city:3149318,stn:demo:S0202,Kristiansand - Egersund,52,121.44,0,0.00091659,0,0,0
city:3194360,city:792680,Novi Sad - Belgrade,428,70.107,0,0,0,0,0
city:2935022,city:3067696,Dresden - Prague,6,117.41,0,0,0,0,0
city:3006787,city:3031582,La Rochelle - Bordeaux,42,153.59,0,0,0,0,0
city:2995206,city:3003603,Massy - Le Mans,164,173.54,0,0,0,0,0
city:2879697,city:2930596,Leer - Emden,108,22.468,0,0,0,0,0
city:3195506,city:3202781,Maribor - Celje,188,46.683,0,0,0,0,0
city:2857458,city:2879697,Oldenburg - Leer,108,51.238,0,0,0,0,0
city:670474,city:683506,Ploieşti - Bucharest,132,58.005,0,0,0,0,0
city:2964180,city:3313472,Galway - Athlone,132,75.794,0,0,0,0,0
city:2618425,city:2911298,Copenhagen - Hamburg,8,288.55,0,0,0,0,0
city:2756987,city:2950159,Deventer - Berlin,6,492.47,0,0,0,0,0
city:2660646,stn:demo:S0241,Geneva - Geneve-Aeroport,428,4.304,0,0,0,0,0
city:2996944,stn:demo:S0410,Lyon - Marne-la-Vallee Chessy,150,380.29,-0.00017233,0,0,0,-4.8213e-05
city:2995206,stn:demo:S0410,Massy - Marne-la-Vallee Chessy,188,39.902,-0.00017233,0,0,0,-4.8213e-05
city:3173435,city:3181928,Milan - Bologna,122,200.54,-0.0017495,0,0.001235,3.2894e-05,-0.00048946
city:2751773,stn:demo:S0574,Leiden - Schiphol Airport,428,24.857,-0.0042379,0,0.00057166,-8.4727e-05,-0.0011856
city:2805615,city:2910831,Würzburg - Hannover,14,286.91,-0.016776,0,0.00097695,-8.734e-05,-0.0046932
