city_a,city_b,countries,p,q,dist_km,ride_min,raw_cost,cost,round,gain_min,cum_cost,mean_time_after,cum_gain_min
London,Köln,GB-DE,48,142,496.7,224,299,8.197,1,2.142,8.197,355.3,2.142
London,Milan,GB-IT,48,267,959.3,514,589,17.22,2,0.4911,25.42,354.8,2.633
Karlsruhe,Barcelona,DE-ES,146,246,977.7,490,565,16.81,3,0.4559,42.23,354.4,3.089
Mannheim,Milan,DE-IT,137,267,450.8,352,427,8.617,4,0.2311,50.85,354.1,3.32
London,Frankfurt am Main,GB-DE,48,157,637.6,288,363,10.78,5,0.2505,61.63,353.9,3.571
London,Berlin,GB-DE,48,170,931.8,459,534,16.34,6,0.3373,77.97,353.5,3.908
Berlin,Wrocław,DE-PL,170,217,294.7,272,347,6.348,7,0.1222,84.32,353.4,4.03
London,Utrecht,GB-NL,48,90,366.6,225,300,7.811,8,0.1455,92.13,353.3,4.176
Barcelona,Milan,ES-IT,246,267,726,548,623,15.05,9,0.2774,107.2,353,4.453
Frankfurt am Main,Budapest,DE-HU,157,211,811.5,527,602,13.25,10,0.2139,120.4,352.8,4.667
