city_a,city_b,countries,p,q,dist_km,sea_km,ride_min,raw_cost,cost,round,gain_min,cum_cost,mean_time_after,cum_gain_min
Brussels,Duisburg,BE-DE,120,161,180.6,0,75,120,5.417,1,3.089,5.417,354.4,3.089
Lyon,Turin,FR-IT,194,258,234.1,0,94.27,139.3,7.023,2,2.195,12.44,352.2,5.285
Munich,Milan,DE-IT,136,267,348.3,0,135.4,180.4,10.45,3,2.76,22.89,349.4,8.045
Bordeaux,Zaragoza,FR-ES,204,229,355,0,137.8,182.8,10.65,4,2.465,33.54,346.9,10.51
Brussels,Köln,BE-DE,120,142,182.7,0,75.76,120.8,5.48,5,0.9992,39.02,345.9,11.51
Berlin,Poznań,DE-PL,170,219,238.8,0,95.95,141,7.163,6,1.287,46.18,344.6,12.8
Linz,Munich,AT-DE,111,136,201.7,0,82.6,127.6,6.05,7,0.9913,52.23,343.7,13.79
Brussels,Hannover,BE-DE,120,150,408.3,0,157,202,12.25,8,1.942,64.48,341.7,15.73
Berlin,Prague,DE-CZ,170,213,279.9,0,110.7,155.7,8.396,9,1.263,72.88,340.4,16.99
Berlin,Wrocław,DE-PL,170,217,294.7,0,116.1,161.1,8.842,10,1.21,81.72,339.2,18.2
