node_id,name,kind,country,population,lat,lon,weekly_calls,degree,strength,betweenness,segment_betweenness,harmonic_closeness,pagerank,transfer_flow,accessibility_min
city:2988507,Paris,city,FR,2138551,48.853,2.3488,4308,114,11746,0.32421,0.27079,0.13742,0.016709,0.083744,303.67
city:2911298,Hamburg,city,DE,1973896,53.551,9.993,1098,49,6726,0.19968,0.1994,0.096643,0.0042708,0.039161,358.69
city:2643743,London,city,GB,8961989,51.509,-0.12574,5822,74,25442,0.19675,0.1957,0.14114,0.012698,0.094774,256.69
city:2618425,Copenhagen,city,DK,1153615,55.676,12.566,1874,31,10670,0.15826,0.15826,0.079203,0.005288,0.020712,540.49
city:2867714,Munich,city,DE,1505005,48.137,11.575,1212,61,7228,0.13817,0.10028,0.10804,0.0053002,0.033302,376.38
city:2886242,Köln,city,DE,1024621,50.933,6.95,1334,47,10238,0.12364,0.17098,0.12763,0.0056356,0.085006,276.88
city:3128760,Barcelona,city,ES,1686208,41.389,2.159,724,19,2396,0.11674,0.117,0.07905,0.0035195,0.02265,521.79
city:2800866,Brussels,city,BE,1019022,50.85,4.3488,2356,33,5946,0.095902,0.19499,0.13336,0.0051056,0.083493,259.43
city:2711537,Gothenburg,city,SE,608462,57.707,11.967,484,20,3336,0.095339,0.092988,0.062384,0.0028687,0.0069823,602.87
city:3117735,Madrid,city,ES,3255944,40.416,-3.7026,1956,44,6574,0.093307,0.094008,0.078292,0.01126,0.01706,482.64
city:3173435,Milan,city,IT,1371498,45.464,9.1895,1448,50,7754,0.090454,0.09974,0.098947,0.0066782,0.028253,379.12
city:2925533,Frankfurt am Main,city,DE,650000,50.116,8.6842,1428,57,9224,0.082088,0.14719,0.12846,0.005692,0.033093,286.1
city:2996944,Lyon,city,FR,520774,45.749,4.8479,1320,38,3396,0.070968,0.10667,0.11179,0.0042514,0.014389,409.57
city:3143244,Oslo,city,NO,1082575,59.913,10.746,278,33,1922,0.070401,0.070446,0.052691,0.0047186,0.0035408,832.17
city:2950159,Berlin,city,DE,3426354,52.524,13.411,1026,52,6546,0.069705,0.071862,0.09734,0.0042099,0.038409,345.31
city:2661604,Basel,city,CH,177595,47.558,7.5733,1884,39,8008,0.065507,0.096479,0.12294,0.004978,0.015495,392.02
city:3054643,Budapest,city,HU,1741041,47.498,19.04,1066,35,3242,0.058742,0.057928,0.069707,0.0060287,0.015356,469.34
city:2761369,Vienna,city,AT,1691468,48.208,16.372,1616,50,6278,0.053026,0.10419,0.084865,0.0062518,0.013934,421.24
city:2693678,Lund,city,SE,87244,55.706,13.193,1100,14,5524,0.048234,0.15199,0.076463,0.0032282,0.0069945,
city:2657896,Zürich,city,CH,415367,47.367,8.55,2646,57,11368,0.04744,0.043546,0.12579,0.0070287,0.0032256,401.4
city:2673730,Stockholm,city,SE,1515017,59.329,18.069,1216,32,5596,0.033081,0.032925,0.061426,0.005545,0.0021312,795.63
city:756135,Warsaw,city,PL,1702139,52.23,21.012,1176,22,2756,0.026357,0.020231,0.064526,0.0050133,0.014435,448.47
city:3088171,Poznań,city,PL,536151,52.407,16.93,452,11,1432,0.025772,0.051523,0.071592,0.0026321,0.020742,394.71
city:3120304,Irun,city,ES,61983,43.339,-1.7894,94,11,512,0.025677,0.025409,0.078139,0.0012501,0.0053822,
city:3105976,Vigo,city,ES,293642,42.233,-8.7226,70,6,224,0.024777,0.024777,0.049705,0.00077297,0.0038773,649.05
city:2745912,Utrecht,city,NL,376435,52.091,5.1222,2482,30,9688,0.023693,0.040735,0.12596,0.0041983,0.04387,301.31
city:2759794,Amsterdam,city,NL,741636,52.374,4.8897,3782,51,17534,0.023238,0.0073221,0.1255,0.0075993,0.013049,319.08
city:3067696,Prague,city,CZ,1165581,50.088,14.421,1148,33,3954,0.021917,0.021571,0.074635,0.0048531,0.004549,432.04
city:3181928,Bologna,city,IT,394843,44.494,11.339,902,33,5782,0.019883,0.085284,0.092599,0.0049916,0.01248,381.45
city:2735943,Porto,city,PT,252687,41.148,-8.611,352,8,1244,0.019361,0.019361,0.04357,0.0024243,0.0030395,657.6
city:2747891,Rotterdam,city,NL,868135,51.922,4.4792,1854,20,6828,0.018325,0.033141,0.12699,0.0031792,0.027279,300.31
city:2660646,Geneva,city,CH,201741,46.202,6.1457,1170,27,7658,0.017625,0.011404,0.11066,0.0044864,0.00099442,400.67
city:3169070,Rome,city,IT,2318895,41.892,12.511,1166,36,5984,0.017495,0.032947,0.073184,0.0055348,0.001443,545.15
city:2659994,Lausanne,city,CH,139111,46.516,6.6328,954,27,7382,0.017241,0.024126,0.11626,0.0042119,0.00026385,417.56
city:2621951,Fredericia,city,DK,40886,55.566,9.7526,710,16,5314,0.017228,0.016599,0.087081,0.0025062,0.0031835,
city:3060972,Bratislava,city,SK,423737,48.148,17.107,428,13,1488,0.017031,0.023247,0.073463,0.002124,0.0015197,440.55
city:2825297,Stuttgart,city,DE,612663,48.782,9.177,826,34,5370,0.015965,0.080385,0.11656,0.0036502,0.00061665,317.13
city:2973783,Strasbourg,city,FR,274845,48.584,7.7455,700,21,1870,0.015117,0.1499,0.12046,0.0022593,0.0026112,318.76
city:2934691,Duisburg,city,DE,504358,51.432,6.7652,864,36,7940,0.014093,0.10005,0.12539,0.0041929,0.028231,293.64
city:2910831,Hannover,city,DE,515140,52.371,9.7332,878,47,7142,0.013145,0.15384,0.10911,0.0040931,0.01518,267.2
city:3164527,Verona,city,IT,258031,45.439,10.994,390,19,2654,0.013091,0.031148,0.089656,0.0023227,0.0084021,398.21
city:2661552,Bern,city,CH,121631,46.948,7.4474,1344,18,6708,0.012498,0.052158,0.11916,0.0036195,0.001103,416.44
city:2650225,Edinburgh,city,GB,514990,55.952,-3.1965,1700,18,6608,0.011445,0.011616,0.077595,0.0031651,0.0037179,462.84
city:3176959,Florence,city,IT,367150,43.779,11.246,968,24,4972,0.011226,0.045883,0.085858,0.0042978,0.0027628,414.71
city:3133880,Trondheim,city,NO,216518,63.43,10.395,94,12,640,0.011101,0.011101,0.033824,0.0022291,0,1153.8
city:3172394,Naples,city,IT,909048,40.852,14.268,766,18,4638,0.011093,0.02206,0.065195,0.00402,0.0036059,471.23
city:3186886,Zagreb,city,HR,663592,45.814,15.978,122,15,402,0.011061,0.010555,0.054914,0.001788,0.0010334,518.15
city:2995469,Marseille,city,FR,877215,43.297,5.3811,648,35,3504,0.010954,0.023439,0.096774,0.0042019,0.0018887,454.87
city:2775220,Innsbruck,city,AT,132493,47.263,11.395,244,22,1704,0.010218,0.03901,0.088704,0.0016746,0.0041595,441.22
city:3106672,Valladolid,city,ES,300618,41.655,-4.7235,352,12,1192,0.010017,0.016603,0.069957,0.0024906,0.0017895,321.45
city:2990440,Nice,city,FR,342669,43.703,7.2661,418,10,1696,0.0099904,0.011632,0.078847,0.0024084,0.00070218,449.56
city:3096472,Katowice,city,PL,286960,50.26,19.022,390,15,1390,0.008924,0.016478,0.062522,0.0023438,0.01315,483.9
city:2873891,Mannheim,city,DE,307960,49.489,8.4669,728,38,6020,0.0088035,0.13246,0.12375,0.0036276,0.0093593,323.09
city:3165524,Turin,city,IT,847287,45.07,7.6868,418,20,2410,0.0086875,0.056835,0.087249,0.0024151,0.0015684,371.04
city:2648579,Glasgow,city,GB,626410,55.865,-4.2576,1380,14,3560,0.0085179,0.0082249,0.075266,0.0024256,0.00045782,469.81
city:2856883,Osnabrück,city,DE,166462,52.273,8.0498,310,20,2978,0.008509,0.098451,0.10136,0.0016429,0.00805,267.45
city:3094802,Kraków,city,PL,816614,50.061,19.937,508,13,1744,0.0083395,0.0083395,0.057058,0.0032187,0.0031248,480.63
city:2762372,Villach,city,AT,58882,46.61,13.856,150,15,698,0.0076389,0.026069,0.07198,0.0012152,0.0044727,
city:3173529,Mestre,city,IT,147662,45.492,12.245,696,16,3540,0.0075051,0.018636,0.086691,0.0032321,0.0037655,423.82
city:2892794,Karlsruhe,city,DE,283799,49.009,8.4044,530,29,3434,0.0074158,0.18294,0.11976,0.0022555,0.0044995,314.92
city:2805615,Würzburg,city,DE,133731,49.794,9.9512,338,22,2624,0.0074114,0.067738,0.10372,0.0017565,0.0021314,325.88
city:2935022,Dresden,city,DE,564904,51.051,13.738,288,21,1580,0.0072017,0.027608,0.082978,0.0013985,0.0025716,323.42
city:2756253,Eindhoven,city,NL,235691,51.441,5.4778,1072,12,5572,0.0068938,0.013002,0.11028,0.0023214,0.0062265,258.78
city:2758401,Breda,city,NL,184126,51.587,4.776,432,8,1944,0.0064297,0.01086,0.11131,0.0011192,0.0051094,316.87
city:3164582,Ventimiglia,city,IT,24120,43.79,7.6087,268,7,856,0.0062959,0.00792,0.074196,0.001439,0.0026763,
city:2643123,Manchester,city,GB,568996,53.481,-2.2374,1528,23,6844,0.0061598,0.0050577,0.1085,0.0031355,0.0078212,282.73
city:3170647,Pisa,city,IT,109960,43.709,10.404,282,8,828,0.0059032,0.0063271,0.071738,0.0012435,0.0014291,442.38
city:2759821,Amersfoort,city,NL,139914,52.155,5.3875,960,22,5162,0.0058675,0.033252,0.11393,0.0025054,0.0097716,304.17
city:683506,Bucharest,city,RO,1877155,44.432,26.106,358,9,560,0.005573,0.005573,0.032517,0.0028668,0.0015836,708.58
city:2510911,Sevilla,city,ES,686741,37.383,-5.9732,372,6,1224,0.0055686,0.0055686,0.056806,0.0022487,0.0014325,460.63
city:2844988,Rosenheim,city,DE,60167,47.856,12.122,146,15,1002,0.0055284,0.092455,0.092824,0.0011371,0.0030932,
city:2861650,Nuremberg,city,DE,515543,49.454,11.078,742,30,4108,0.0054615,0.084491,0.10348,0.0028036,0.0032348,333.43
city:2990363,Nîmes,city,FR,148236,43.837,4.3579,296,18,1786,0.0051558,0.13907,0.096896,0.0023853,0.0018928,373.64
city:3104324,Zaragoza,city,ES,686986,41.656,-0.87734,202,8,1170,0.0050867,0.011057,0.070261,0.0018977,0.00097205,428.18
city:2991214,Mulhouse,city,FR,111430,47.752,7.3287,432,15,1600,0.0050778,0.1089,0.1151,0.0017441,0.0011275,371.14
city:3081368,Wrocław,city,PL,672545,51.103,17.03,372,12,1328,0.004993,0.006519,0.061269,0.0024077,0.0038293,437.77
city:2944388,Bremen,city,DE,546501,53.076,8.8072,324,13,2376,0.004819,0.089075,0.093949,0.0015688,0.003107,327.6
city:3099434,Gdańsk,city,PL,487371,54.352,18.649,268,11,1208,0.0048056,0.007978,0.057013,0.0021677,0.0016023,583.25
city:2659297,Olten,city,CH,18362,47.35,7.9033,864,18,4752,0.0043861,0.06813,0.11858,0.0027816,0,
city:3078773,Břeclav,city,CZ,25789,48.759,16.882,216,11,1052,0.0039979,0.028221,0.073446,0.0014427,0.0092275,
city:2929670,Erfurt,city,DE,218793,50.977,11.035,432,14,2484,0.0039801,0.030659,0.10007,0.001684,0.003031,311.18
stn:demo:S0679,Visp,station,CH,7948,46.294,7.882,474,15,3318,0.0039277,0.044685,0.1076,0.0019506,0,
city:2993002,Montauban,city,FR,52434,44.018,1.3542,226,17,1508,0.0037213,0.0072195,0.084811,0.0022031,0.00026576,
city:3196359,Ljubljana,city,SI,272220,46.051,14.505,268,11,680,0.0031591,0.015813,0.063481,0.0016952,0.0015778,477.87
city:2655603,Birmingham,city,GB,1157603,52.481,-1.8998,804,23,5284,0.0029672,0.0035689,0.10789,0.0024522,0.0089166,198.55
city:2998324,Lille,city,FR,238695,50.634,3.0551,616,18,1998,0.0029137,0.052433,0.12019,0.0023634,0,263.9
city:2990919,Narbonne,city,FR,50776,43.184,3.0014,174,18,1420,0.0029003,0.13067,0.087204,0.0019519,0.0025461,
city:2923822,Fulda,city,DE,63760,50.552,9.6752,648,26,5292,0.002888,0.15009,0.11411,0.0031561,0.0018348,
city:2639577,Reading,city,GB,318014,51.456,-0.97113,1704,23,8836,0.002878,0.045658,0.12597,0.0039367,0.0020442,265.23
city:2524170,Messina,city,IT,219948,38.194,15.553,122,10,346,0.0027887,0.0083484,0.042859,0.00072498,0.0027563,776.53
city:2267057,Lisbon,city,PT,517802,38.725,-9.1498,282,6,1146,0.0027887,0.0027887,0.037246,0.002144,0,907.1
city:2509954,Valencia,city,ES,824340,39.474,-0.37966,400,6,1200,0.0027843,0.0027887,0.065318,0.0019944,0.0006759,428.72
city:683844,Braşov,city,RO,253200,45.649,25.606,146,7,348,0.0027754,0.011101,0.034807,0.0017218,0.00048404,527.48
city:3176219,Genoa,city,IT,580097,44.405,8.9444,358,15,1324,0.0027664,0.010794,0.077319,0.0020773,0.00015861,382.43
city:3021372,Dijon,city,FR,159941,47.313,5.0139,264,10,924,0.0027218,0.015684,0.10443,0.001443,0,413.79
city:2992166,Montpellier,city,FR,248252,43.611,3.8763,296,18,1786,0.0026303,0.1346,0.094454,0.0023853,5.7102e-05,407.38
city:2849483,Regensburg,city,DE,151389,49.015,12.102,174,13,1138,0.0025701,0.05595,0.08819,0.0012093,0.0011035,346.25
city:2618528,Kolding,city,DK,61638,55.49,9.4722,282,11,1674,0.0024586,0.18472,0.078705,0.0010447,0,
city:3116689,Miranda de Ebro,city,ES,39264,42.687,-2.947,70,7,364,0.0024273,0.019162,0.065835,0.00101,0.0011567,
city:3031582,Bordeaux,city,FR,265328,44.841,-0.58046,574,24,2284,0.0019923,0.043047,0.098234,0.003249,0.00031501,468.2
city:3165072,Udine,city,IT,100170,46.069,13.237,122,7,286,0.0018026,0.010419,0.066741,0.00058153,0.0016551,466.71
city:2766824,Salzburg,city,AT,157245,47.799,13.044,696,21,3204,0.0016376,0.082395,0.089333,0.0031167,0.00027431,357.17
city:2759661,Arnhem,city,NL,162424,51.98,5.9111,550,15,2180,0.001526,0.018446,0.10879,0.0011634,0.0032964,279.39
city:2754394,Hengelo,city,NL,82311,52.266,6.7931,522,12,3602,0.0013208,0.024462,0.10404,0.0017513,0.0026223,
stn:demo:S0224,Frankfurt Flughafen Fernbf,station,DE,13836,50.053,8.5703,700,28,4660,0.001169,0.069637,0.12202,0.0027849,0.0050977,
city:2792413,Liège,city,BE,195278,50.634,5.5675,348,7,1026,0.0011378,0.14004,0.11201,0.001051,0.0012191,245.04
city:2960316,Luxembourg,city,LU,76684,49.61,6.1327,508,6,1204,0.0011289,0.001468,0.08891,0.001789,1.852e-05,
city:2879139,Leipzig,city,DE,504971,51.34,12.371,432,24,3240,0.00089017,0.019432,0.094431,0.0020307,0.0036872,291.39
city:3035681,Avignon,city,FR,89769,43.948,4.8089,380,19,1796,0.00085224,0.023158,0.098671,0.0021212,0,
city:3078610,Brno,city,CZ,379466,49.195,16.608,296,9,1344,0.00083439,0.007215,0.070293,0.0018031,0,359.45
city:3003603,Le Mans,city,FR,144515,48.002,0.20251,352,11,1426,0.00083439,0.0066075,0.1058,0.0018284,0.00017465,352.7
stn:demo:S0410,Marne-la-Vallee Chessy,station,FR,2582,48.87,2.7828,296,15,1682,0.00081208,0.0022444,0.10356,0.0020433,0,
city:3027422,Chambéry,city,FR,61640,45.566,5.9208,108,6,342,0.00081208,0.058385,0.089147,0.00072342,0,
stn:demo:S0570,Sargans,station,CH,6134,47.045,9.446,296,14,1688,0.00078531,0.015072,0.098057,0.0014677,0,
city:3068799,Ostrava,city,CZ,279791,49.835,18.282,390,8,1310,0.00077193,0.019816,0.066288,0.0016884,0.00064727,417.02
city:2911522,Halle (Saale),city,DE,237865,51.482,11.979,216,15,1620,0.00075408,0.008103,0.087386,0.0010536,0.00063314,331.1
city:2633352,York,city,GB,156135,53.958,-1.0827,1048,17,7252,0.00069607,0.022313,0.10464,0.0030166,0.0021082,266.38
city:2935517,Dortmund,city,DE,588462,51.515,7.466,648,27,6264,0.00057783,0.079394,0.11598,0.0033575,0.0018578,315.31
stn:demo:S0596,Spiez,station,CH,12594,46.686,7.68,484,9,2420,0.0005756,0.042942,0.10999,0.0015066,0,
city:3068582,Pardubice,city,CZ,88520,50.041,15.777,658,13,2514,0.00055329,0.013129,0.071302,0.003124,0,
stn:demo:S0656,Valence TGV,station,FR,4420,44.991,4.9786,230,13,1018,0.00051759,0.13576,0.10133,0.0013862,0,
city:2652002,Crewe,city,GB,76437,53.098,-2.4416,456,10,2040,0.00043504,0.016489,0.10156,0.0014723,0,
city:2918632,Göttingen,city,DE,122149,51.534,9.9323,446,19,3864,0.00040158,0.12475,0.10703,0.0022804,0.00067866,309.63
city:2638077,Sheffield,city,GB,556500,53.383,-1.4659,832,16,3600,0.00039712,0.00096974,0.098222,0.0017986,0.0032211,262.49
city:2644688,Leeds,city,GB,536280,53.796,-1.5478,1048,20,6824,0.00037035,0.0036388,0.10392,0.0029269,0.0020542,289.95
city:2864475,Neumünster,city,DE,80196,54.074,9.9846,174,10,810,0.0003525,0.19525,0.083588,0.00077538,0.00071319,
city:2964574,Dublin,city,IE,1024027,53.333,-6.2489,734,15,2668,0.00034804,0.00034804,0.010455,0.004419,4.6896e-05,529.05
city:2772400,Linz,city,AT,204846,48.306,14.286,790,28,3904,0.00033465,0.1036,0.08552,0.0033325,4.3343e-05,374.48
city:2803138,Antwerp,city,BE,529247,51.22,4.4003,946,13,2600,0.00029449,0.044516,0.11758,0.0018315,0.002725,288.43
stn:demo:S0114,Bruck an der Mur,station,AT,9093,47.414,15.279,324,5,1080,0.00027664,0.0083595,0.067817,0.0014471,0.00054256,
city:2658576,Sitten,city,CH,34708,46.227,7.3556,258,11,2238,0.00027553,0.0079721,0.10079,0.0013998,0,
city:724443,Košice,city,SK,225044,48.714,21.258,174,8,876,0.00026326,0.00026326,0.051126,0.0014692,0,506.1
city:2657970,Winterthur,city,CH,111840,47.506,8.7241,724,12,4552,0.00025433,0.016177,0.1103,0.0025356,0,400.46
city:2945024,Braunschweig,city,DE,244715,52.266,10.527,216,22,2376,0.00025433,0.0031829,0.093121,0.0014339,0.00043003,314.13
city:2659601,Montreux,city,CH,25984,46.433,6.9114,258,11,2238,0.00024987,0.010497,0.10391,0.0013998,0,
city:2983990,Rennes,city,FR,227830,48.111,-1.6743,442,16,1378,0.00024095,0.019387,0.10265,0.0022084,4.8341e-05,399
city:2654675,Bristol,city,GB,479024,51.455,-2.5966,1048,19,6824,0.00022756,0.0087291,0.10973,0.0029587,0.0051729,207.38
city:2972191,Tours,city,FR,141621,47.395,0.70398,254,10,1026,0.00016956,0.010905,0.10615,0.0015685,0,378.79
city:3032833,Béziers,city,FR,74081,43.341,3.214,146,17,1224,0.0001584,0.00033911,0.086605,0.0017121,0,
city:2676176,Södertälje,city,SE,70777,59.196,17.625,456,16,3592,0.00015617,0.036892,0.060111,0.0026132,8.1549e-05,
city:2806654,Wolfsburg,city,DE,123064,52.425,10.781,310,26,2978,0.00015171,0.044813,0.096453,0.001748,0.00033832,291.19
city:658225,Helsinki,city,FI,658864,60.17,24.935,884,15,3348,0.00014278,0.00012047,0.01564,0.0042136,0.00046668,925.74
city:632453,Vantaa,city,FI,252724,60.294,25.041,668,12,2700,0.00013386,0.00029003,0.01524,0.0033614,0.00014367,922.99
city:2644210,Liverpool,city,GB,496770,53.411,-2.9779,432,12,2592,0.00013386,0,0.091486,0.0013714,0,253.8
city:3171728,Padua,city,IT,203725,45.408,11.886,456,13,3192,0.00013386,0.020956,0.087832,0.0025969,0.00037903,414.98
city:2642465,Milton Keynes,city,GB,256385,52.042,-0.75583,804,10,3432,0.0001294,0.0312,0.1168,0.0019201,0.00032629,293.29
city:2987914,Perpignan,city,FR,110706,42.698,2.8954,108,11,760,0.0001294,0.12363,0.081294,0.0011485,0,405.47
city:3159016,Drammen,city,NO,106013,59.744,10.204,118,12,788,0.00012494,0.03031,0.045508,0.0021602,9.04e-05,825.88
city:3124132,Cuenca,city,ES,54898,40.067,-2.1333,424,9,1560,0.00010709,0.017259,0.06802,0.0026767,0.0024442,
city:2640354,Peterborough,city,GB,163379,52.574,-0.24777,856,12,5564,0.00010709,0.038007,0.11488,0.0023895,0,155.25
city:3114965,Ourense,city,ES,105233,42.337,-7.8641,136,7,638,9.8164e-05,0.035558,0.0565,0.001514,0,566.82
stn:demo:S0039,Arth-Goldau,station,CH,5285,47.05,8.5487,554,9,2676,9.7048e-05,0.011487,0.10504,0.0017428,0,
city:2649808,Exeter,city,GB,130709,50.724,-3.5275,416,15,3224,8.924e-05,0.0083707,0.088566,0.0015551,0,289.21
city:2661567,Bellinzona,city,CH,43220,46.193,9.017,554,9,2676,8.1431e-05,0.0093724,0.094939,0.0017428,0,
city:2659836,Lugano,city,CH,63185,46.01,8.96,554,9,2676,8.0316e-05,0.0073244,0.093089,0.0017428,0,
city:2911240,Hamm,city,DE,178967,51.68,7.8209,324,16,2916,7.1392e-05,0.026082,0.10592,0.00169,0.00073057,292.16
city:715126,Szolnok,city,HU,71285,47.181,20.198,230,8,732,7.1392e-05,0.027557,0.05907,0.0017348,0.00024984,
city:2519240,Córdoba,city,ES,325708,37.892,-4.7728,466,7,1638,6.693e-05,0.016639,0.063186,0.0027553,0.0012406,326.86
city:2650752,Dundee,city,GB,148210,56.469,-2.9749,432,7,1728,6.2468e-05,0.0058943,0.067601,0.0013964,0,485.41
city:2989317,Orléans,city,FR,116344,47.902,1.9041,146,10,698,5.8006e-05,0.0098298,0.10025,0.0012694,2.6407e-05,320.85
city:3176885,Foggia,city,IT,137032,41.458,15.552,188,11,1184,5.8006e-05,0.0056444,0.05643,0.0014438,0,461.15
city:3109642,Santiago de Compostela,city,ES,99536,42.881,-8.5457,136,7,638,4.9082e-05,0.032925,0.054346,0.001514,0.00031013,
city:2616933,Middelfart,city,DK,16277,55.506,9.7305,644,10,4504,4.9082e-05,0.16492,0.083384,0.002082,0,
city:727011,Sofia,city,BG,1152556,42.698,23.324,164,6,332,4.0158e-05,4.0158e-05,0.0017621,0.0027762,9.3698e-05,671.12
stn:demo:S0676,Villa San Giovanni,station,IT,13747,38.219,15.637,122,12,666,3.5696e-05,0.013872,0.047659,0.00097255,0.00018831,
city:2644668,Leicester,city,GB,368600,52.639,-1.1317,432,5,1296,3.5696e-05,0.010508,0.1016,0.00098674,0,197.26
city:3182351,Bari,city,IT,316491,41.121,16.87,188,11,1184,3.1234e-05,0.0027887,0.052291,0.0014438,0,638.16
city:2778067,Graz,city,AT,303270,47.067,15.442,244,6,760,3.1234e-05,0.0033599,0.063217,0.0011015,0,422.42
city:2636882,Stockport,city,GB,139052,53.41,-2.1576,936,12,3828,3.1234e-05,0.0068023,0.10552,0.001835,0,270.53
city:2666199,Uppsala,city,SE,177074,59.859,17.639,550,8,1358,2.6772e-05,0.016599,0.054719,0.0019224,0,827.76
city:2670781,Sundsvall,city,SE,57606,62.391,17.306,122,7,502,2.6772e-05,0.0083395,0.041022,0.0010287,0,
city:2636841,Stoke-on-Trent,city,GB,258366,53.004,-2.1854,508,11,2972,2.6772e-05,0.011541,0.10287,0.0014788,0,277.58
city:634963,Tampere,city,FI,260646,61.499,23.787,560,7,1728,2.6772e-05,0.00016509,0.0085384,0.0021776,6.6257e-06,616.94
city:2986495,Poitiers,city,FR,85960,46.583,0.34348,226,9,876,2.6772e-05,0.0067108,0.099707,0.0013439,0,
city:3168673,Salerno,city,IT,125797,40.675,14.793,296,13,1884,2.6772e-05,0.019334,0.060087,0.0019014,2.4898e-05,539.58
city:2743477,Zwolle,city,NL,129840,52.513,6.0944,648,8,2592,2.231e-05,0.0090088,0.10053,0.0014703,9.0853e-05,293.8
city:2624652,Århus,city,DK,285273,56.157,10.211,644,10,4720,1.7848e-05,0.0055686,0.073848,0.0021511,0,493.41
city:2640358,Perth,city,GB,47350,56.395,-3.4314,336,6,1212,1.7848e-05,0.0029137,0.066356,0.0011014,0,
city:2637487,Southampton,city,GB,269781,50.904,-1.4043,616,13,3832,1.7848e-05,0.0028601,0.10362,0.0018782,0,182.09
stn:demo:S0363,Limerick Junction,station,IE,4979,52.501,-8.2,348,6,1416,1.7848e-05,0.00016956,0.010861,0.0021385,0,
city:2636389,Swindon,city,GB,201669,51.558,-1.7812,860,9,4944,1.3386e-05,0.016178,0.11626,0.0022279,0,157.39
city:650859,Kouvola,city,FI,78094,60.867,26.7,216,7,1080,1.3386e-05,0.00020971,0.0087549,0.0015127,0,
city:2509463,Villena,city,ES,35222,38.637,-0.86568,184,7,840,1.3386e-05,0.011115,0.060556,0.0016007,0,
stn:demo:S0108,Brig,station,CH,5000,46.319,7.988,526,15,3578,1.3386e-05,0.038755,0.10599,0.0021087,0,
city:2907911,Heidelberg,city,DE,143345,49.408,8.6908,216,13,1404,8.924e-06,0.0012672,0.10278,0.0010193,0,367.08
city:2990969,Nantes,city,FR,325070,47.217,-1.5534,314,10,1110,8.924e-06,4.462e-05,0.090164,0.0014996,0,488.7
city:2610613,Vejle,city,DK,60231,55.709,9.5357,644,10,4720,8.924e-06,0.013854,0.08303,0.0021511,0,
city:2615876,Odense,city,DK,180863,55.396,10.388,926,17,6394,8.924e-06,0.16271,0.081605,0.0030018,0,424.99
city:2747373,The Hague,city,NL,474292,52.077,4.2986,1288,11,4720,8.924e-06,0.0027843,0.11932,0.0020974,0,318.61
city:2928810,Essen,city,DE,593085,51.457,7.0123,756,30,7128,8.924e-06,0.082043,0.12198,0.0038084,0,296.46
stn:demo:S0028,Antequera-Santa Ana,station,ES,45168,37.04,-4.598,226,4,678,4.462e-06,0.005573,0.058137,0.0012912,0,
city:3154084,Hamar,city,NO,29479,60.794,11.068,66,8,528,0,0.027486,0.0433,0.0015401,0,
city:3154209,Halden,city,NO,21970,59.125,11.388,52,6,312,0,0.077661,0.05019,0.00085485,0,
city:3127047,Calatayud,city,ES,20035,41.354,-1.6432,202,8,1170,0,0.0036544,0.069869,0.0018977,0,
city:604490,Luleå,city,SE,77832,65.584,22.155,14,5,70,0,0,0.027103,0.00041911,0,
city:3127461,Burgos,city,ES,176418,42.341,-3.7018,70,7,364,0,0.014758,0.065168,0.00101,0,375.21
city:3114472,Pamplona,city,ES,208243,42.817,-1.6432,42,5,210,0,0,0.055138,0.00055236,0,509.2
city:3128026,Bilbao,city,ES,347342,43.263,-2.9253,28,4,112,0,0,0.053279,0.0004462,0,576.7
city:3137115,Stavanger,city,NO,151669,58.97,5.7333,52,5,260,0,0,0.030757,0.00092608,0,769.09
city:3110044,Donostia / San Sebastián,city,ES,185357,43.313,-1.975,42,6,252,0,0.02312,0.069616,0.00075119,0,546.1
city:602150,Umeå,city,SE,130224,63.828,20.26,14,5,70,0,0.0055686,0.034442,0.00041911,0,1108.8
city:3140084,Sarpsborg,city,NO,59038,59.284,11.11,52,6,312,0,0.075167,0.050297,0.00085485,0,
city:3118514,Lleida,city,ES,140797,41.617,0.62218,160,6,960,0,0.012877,0.069971,0.0015359,0,349.65
city:3118532,León,city,ES,124772,42.6,-5.5703,66,6,396,0,0.0055686,0.05705,0.00095798,0,473.39
city:3119841,A Coruña,city,ES,250438,43.371,-8.396,94,5,470,0,0,0.050606,0.0011211,0,645.31
city:3121424,Gijón,city,ES,271780,43.536,-5.6615,66,6,396,0,0,0.049828,0.00095798,0,644.61
city:3122453,Figueres,city,ES,46381,42.266,2.9616,216,10,768,0,0.12135,0.080514,0.0011666,0,
city:3121456,Girona,city,ES,100266,41.983,2.8249,216,10,768,0,0.11906,0.079298,0.0011666,0,537.14
city:3113209,Pontevedra,city,ES,82802,42.431,-8.6443,42,4,168,0,0.027486,0.050328,0.00057743,0,
city:3163995,Voghera,city,IT,38464,44.992,9.0117,132,3,396,0,0.010095,0.077861,0.00069256,0,
city:3161732,Bergen,city,NO,294029,60.393,5.3242,66,8,528,0,0,0.032574,0.0014239,0,897.76
city:3160881,Bodø,city,NO,34073,67.283,14.375,28,4,112,0,0,0.022904,0.00084711,0,
city:3164419,Vicenza,city,IT,111980,45.547,11.547,268,8,1876,0,0.0047743,0.085361,0.0016042,0,409.65
city:3197728,Koprivnica,city,HR,22262,46.164,16.83,14,5,70,0,0.0010352,0.04908,0.00061007,0,
city:3156529,Fredrikstad,city,NO,83761,59.218,10.93,52,6,312,0,0.072664,0.050156,0.00085485,0,
city:3167777,Sanremo,city,IT,47043,43.817,7.7772,52,4,208,0,0.0074538,0.068145,0.00051477,0,
city:3167022,Savona,city,IT,61345,44.309,8.4771,52,4,208,0,0.0077728,0.069416,0.00051477,0,
city:3165243,Trento,city,IT,120709,46.068,11.121,108,11,708,0,0.028377,0.078424,0.00086303,0,435.01
city:3202781,Celje,city,SI,38059,46.231,15.26,188,4,432,0,0.0017379,0.057854,0.0010816,0,
city:3165201,Treviso,city,IT,85760,45.667,12.242,108,2,216,0,0.011621,0.069197,0.00049405,0,
city:3165185,Trieste,city,IT,204338,45.65,13.777,132,1,132,0,0,0.058776,0.000326,0,496.82
city:3164603,Venice,city,IT,51298,45.437,12.333,456,13,3192,0,0,0.082497,0.0025969,0,
city:3114711,Oviedo,city,ES,220027,43.36,-5.8448,66,6,396,0,0.0027887,0.051679,0.00095798,0,659.41
city:3171168,Pescara,city,IT,119554,42.458,14.203,108,8,864,0,0.008103,0.060372,0.0010537,0,449.46
city:3169522,Reggio nell'Emilia,city,IT,171944,44.698,10.631,456,7,2656,0,0.070604,0.091373,0.0022433,0,351.94
city:3169361,Rimini,city,IT,148688,44.058,12.565,108,8,864,0,0.016273,0.071943,0.0010537,0,421.72
city:3247449,Aachen,city,DE,265208,50.777,6.0834,132,6,594,0,0.14035,0.10869,0.00064451,0,269.53
city:3168854,Rovereto,city,IT,34152,45.89,11.041,42,9,378,0,0,0.076232,0.00058496,0,
city:2658564,Solothurn,city,CH,16777,47.208,7.5371,216,7,1512,0,0.011464,0.10361,0.0010319,0,
city:3175081,La Spezia,city,IT,93288,44.103,9.8238,66,6,396,0,0.00082993,0.063415,0.00077893,0,
city:3174953,Lecce,city,IT,80695,40.355,18.172,108,8,864,0,0,0.046865,0.0010537,0,
city:3174659,Livorno,city,IT,157017,43.544,10.326,66,6,396,0,0.0027932,0.062971,0.00077893,0,484.46
city:3171366,Pavia,city,IT,65734,45.192,9.1592,132,3,396,0,0.012714,0.08032,0.00069256,0,
city:3313472,Athlone,city,IE,22869,53.423,-7.9372,132,2,264,0,6.2468e-05,0.0056322,0.00071198,0,
city:3114531,Palencia,city,ES,78629,42.01,-4.5241,66,6,396,0,0.0083395,0.061005,0.00095798,0,
city:3345300,Karlovac,city,HR,41869,45.492,15.55,28,3,84,0,0.0055686,0.048244,0.00076176,0,
city:3171173,Pesaro,city,IT,77241,43.909,12.916,108,8,864,0,0.013538,0.070179,0.0010537,0,
city:3077920,Česká Třebová,city,CZ,15010,49.904,16.444,108,4,432,0,0,0.063073,0.00072858,0,
city:3077916,České Budějovice,city,CZ,93426,48.974,14.474,108,2,216,0,0,0.05459,0.00058493,0,
city:3095321,Konin,city,PL,81258,52.223,18.251,160,3,480,0,0.02131,0.063622,0.00097722,0,
city:3094170,Kutno,city,PL,48323,52.231,19.364,212,5,688,0,0.019155,0.064029,0.0012941,0,
city:3093524,Leszno,city,PL,63565,51.84,16.575,132,6,528,0,0.0084376,0.063244,0.0011111,0,
city:3093133,Łódź,city,PL,639890,51.771,19.474,296,2,376,0,2.231e-05,0.055236,0.00080493,0,378.35
city:3092472,Malbork,city,PL,36709,54.036,19.027,108,6,648,0,0.00096825,0.052006,0.0012453,0,
city:3090048,Opole,city,PL,127676,50.671,17.926,160,4,640,0,0.0050197,0.057749,0.0012079,0,461.71
city:3103402,Bielsko-Biala,city,PL,176515,49.822,19.047,80,2,160,0,0,0.052294,0.00046208,0,493.89
city:3102014,Bydgoszcz,city,PL,330038,53.123,18.008,80,4,320,0,0.0097628,0.058695,0.00073731,0,436.06
city:3099424,Gdynia,city,PL,257000,54.519,18.532,188,7,888,0,0,0.053311,0.0016154,0,612.54
city:3099230,Gliwice,city,PL,198835,50.298,18.677,160,4,640,0,0.004578,0.058332,0.0012079,0,481.58
city:3097902,Iława,city,PL,32557,53.596,19.568,108,6,648,0,0.0013208,0.053714,0.0012453,0,
city:3109256,Segovia,city,ES,51683,40.948,-4.1184,282,6,828,0,0.0077572,0.068847,0.0016783,0,
city:2640377,Penzance,city,GB,19872,50.119,-5.5371,228,6,1344,0,0,0.061676,0.00081981,0,
city:3107418,Tudela,city,ES,34717,42.062,-1.6045,42,5,210,0,0.0027887,0.059362,0.00055236,0,
city:3104499,Gasteiz / Vitoria,city,ES,257407,42.85,-2.6727,42,6,252,0,0.020916,0.066032,0.00075119,0,497.34
city:3104342,Zamora,city,ES,61827,41.506,-5.7446,94,5,470,0,0.040894,0.058054,0.0011211,0,
city:3044082,Tatabánya,city,HU,65849,47.592,18.381,108,3,324,0,0,0.064773,0.00061807,0,
city:3038789,Abbeville,city,FR,26461,50.105,1.8355,66,3,198,0,0.0027887,0.087265,0.00070071,0,
city:3038634,Agen,city,FR,34367,44.202,0.62055,160,11,1036,0,0.0068938,0.083833,0.001473,0,
city:3037854,Amiens,city,FR,143086,49.9,2.3,66,3,198,0,0.0055686,0.093177,0.00070071,0,313.18
city:3037656,Angers,city,FR,168279,47.472,-0.55202,272,8,1026,0,0.0027263,0.096605,0.0013712,0,432.53
city:3037598,Angoulême,city,FR,49468,45.65,0.15345,108,4,432,0,0,0.088525,0.00076642,0,
city:3037543,Annecy,city,FR,49232,45.909,6.1257,66,2,132,0,0,0.07682,0.00042214,0,
city:3037456,Antibes,city,FR,76393,43.581,7.1249,188,7,992,0,0.013172,0.077308,0.001407,0,
city:3053590,Dombóvár,city,HU,20748,46.377,18.137,108,3,324,0,0.0027887,0.052498,0.00091152,0,
city:3053163,Esztergom,city,HU,28785,47.793,18.741,80,6,480,0,0.0048859,0.062733,0.00079997,0,
city:3052009,Győr,city,HU,129301,47.683,17.635,160,8,688,0,0.056571,0.070833,0.00098941,0,309.62
city:3050434,Kecskemét,city,HU,109847,46.906,19.691,216,3,648,0,0.0027887,0.059061,0.0013071,0,515.97
city:3108288,Tarragona,city,ES,141542,41.119,1.2454,160,3,480,0,0.0075854,0.065631,0.00090628,0,543.12
city:2658377,Thun,city,CH,43723,46.751,7.6217,216,5,1080,0,0,0.10262,0.00079269,0,
city:2658145,Vevey,city,CH,19891,46.463,6.8434,216,9,1944,0,0.01258,0.10213,0.0012285,0,
city:2657941,Yverdon-les-Bains,city,CH,30157,46.779,6.6411,216,7,1512,0,0.008457,0.10218,0.0010319,0,
city:2657908,Zug,city,CH,30542,47.172,8.5175,338,6,1596,0,0.0057761,0.1058,0.0011437,0,
city:2641581,Newry,city,GB,27757,54.178,-6.3374,160,5,800,0,0.00011601,0.0092773,0.0014028,0,
city:2641557,Newton Abbot,city,GB,36474,50.529,-3.6119,216,6,1296,0,0.0055686,0.082725,0.00079913,0,
city:2641181,Norwich,city,GB,143135,52.628,1.2983,428,3,1284,0,0,0.087462,0.0009347,0,264.08
city:2641170,Nottingham,city,GB,323632,52.954,-1.1505,216,2,432,0,0,0.087756,0.00045492,0,258.12
city:2640729,Oxford,city,GB,162100,51.752,-1.256,616,10,2548,0,0.0026995,0.10675,0.0012722,0,325.7
city:2640416,Penrith,city,GB,16700,54.666,-2.7576,188,8,1504,0,0.01328,0.080308,0.0011382,0,
city:606531,Boden,city,SE,16830,65.825,21.689,14,5,70,0,0.0027887,0.027662,0.00041911,0,
city:264371,Athens,city,GR,664046,37.984,23.728,80,2,160,0,0,0.00065743,0.0014903,0,1191.8
city:2643266,Macclesfield,city,GB,54345,53.26,-2.1256,320,4,1280,0,0,0.09979,0.00074948,0,
city:2641731,Newark on Trent,city,GB,43363,53.067,-0.81667,428,7,2996,0,0.023319,0.10314,0.0013393,0,
city:3083829,Szczecin,city,PL,395513,53.429,14.553,160,4,424,0,0,0.055831,0.00095273,0,366.4
city:2641598,Newport,city,GB,161506,51.588,-2.9983,432,6,2376,0,0.0055686,0.099085,0.0011827,0,240.4
city:2646057,Ipswich,city,GB,178835,52.059,1.1555,428,3,1284,0,0.0027887,0.10044,0.0009347,0,181.58
city:2645826,Kendal,city,GB,29147,54.327,-2.7476,188,8,1504,0,0.01594,0.083654,0.0011382,0,
city:2645298,Kirkcaldy,city,GB,50370,56.117,-3.16,216,4,864,0,0.0085046,0.068113,0.00077267,0,
city:2644972,Lancaster,city,GB,47162,54.046,-2.7999,188,8,1504,0,0.018607,0.085758,0.0011382,0,
city:2644737,Royal Leamington Spa,city,GB,50923,52.285,-1.52,188,9,1692,0,0.00013832,0.093644,0.00092145,0,
city:2650628,Durham,city,GB,47785,54.777,-1.5757,832,16,6388,0,0.016899,0.096186,0.0026492,0,
city:3149563,Kongsberg,city,NO,17667,59.669,9.6502,52,5,260,0,0.0083395,0.042191,0.00092608,0,
city:3149318,Kristiansand,city,NO,117237,58.147,7.9956,52,5,260,0,0.0055686,0.035161,0.00092608,0,679.08
city:3147474,Lillehammer,city,NO,29011,61.115,10.466,66,8,528,0,0.024777,0.041627,0.0015401,0,
city:3147465,Lillestrøm,city,NO,89684,59.956,11.049,42,7,294,0,0.0047431,0.04652,0.00076205,0,
city:3145614,Mo i Rana,city,NO,18866,66.313,14.143,28,4,112,0,0.0027887,0.025251,0.00084711,0,
city:3145375,Moss,city,NO,49668,59.434,10.658,52,6,312,0,0.070192,0.049459,0.00085485,0,
city:3085151,Sopot,city,PL,35049,54.442,18.56,108,6,648,0,0.0027887,0.052529,0.0012453,0,
city:3084840,Stargard,city,PL,71224,53.337,15.05,160,4,424,0,0.0027887,0.057148,0.00095273,0,
city:2641673,Newcastle upon Tyne,city,GB,300125,54.973,-1.614,832,16,6388,0,0.01424,0.091623,0.0026492,0,314.36
city:2622447,Esbjerg,city,DK,71698,55.47,8.4519,216,5,1080,0,0,0.0659,0.00068721,0,
stn:demo:S0712,Zurich Flughafen,station,CH,2239,47.45,8.5625,644,8,4072,0,0,0.11462,0.0021842,0,
city:2619771,Horsens,city,DK,61074,55.861,9.8503,428,8,3424,0,0.011101,0.078704,0.001586,0,
city:2263480,Santarém,city,PT,29385,39.234,-8.6862,216,5,1080,0,0.0055686,0.039809,0.0018874,0,
city:2268339,Faro,city,PT,70347,37.019,-7.9272,66,1,66,0,0,0.029407,0.0003285,0,
city:2634739,Warrington,city,GB,172330,53.393,-2.5802,188,8,1504,0,0.026588,0.089882,0.0011382,0,273.65
city:2633954,Widnes,city,GB,61464,53.362,-2.7341,216,5,1080,0,0.0026415,0.091473,0.00078004,0,
city:2633948,Wigan,city,GB,175405,53.543,-2.6371,188,8,1504,0,0.023928,0.089023,0.0011382,0,281.66
city:2633883,Wilmslow,city,GB,25725,53.328,-2.2315,160,4,640,0,0.00080762,0.091331,0.0005279,0,
city:2633858,Winchester,city,GB,46074,51.065,-1.3187,428,5,2140,0,1.7848e-05,0.10584,0.0011537,0,
city:2633709,Woking,city,GB,103900,51.319,-0.55893,428,5,2140,0,0.0054793,0.11421,0.0011537,0,311.9
city:2633691,Wolverhampton,city,GB,263700,52.585,-2.123,188,9,1692,0,0.00040381,0.091126,0.00092145,0,253.41
city:2268575,Entroncamento,city,PT,19887,39.467,-8.4667,216,5,1080,0,0.0083395,0.040342,0.0018874,0,
city:2636940,Stevenage,city,GB,91774,51.902,-0.20256,428,6,2568,0,0.020283,0.1156,0.001247,0,
city:3175786,Grosseto,city,IT,60922,42.763,11.109,66,6,396,0,8.0316e-05,0.057397,0.00077893,0,
city:2636432,Swansea,city,GB,300352,51.621,-3.9432,216,6,1296,0,0,0.078473,0.00074193,0,324.55
city:2636177,Taunton,city,GB,64621,51.015,-3.1029,216,6,1296,0,0.010727,0.089501,0.00079913,0,
city:2634910,Wakefield,city,GB,109766,53.683,-1.4977,428,6,2568,0,0.0045654,0.099118,0.001247,0,278.79
stn:demo:S0490,Padborg,station,DK,4311,54.826,9.361,66,9,594,0,0.18651,0.07634,0.00056085,0,
city:2640194,Plymouth,city,GB,260203,50.372,-4.143,416,15,3224,0,0.0027887,0.076048,0.0015551,0,386.16
stn:demo:S0682,Voss,station,NO,5571,60.629,6.4147,66,8,528,0,0.0027887,0.034988,0.0014239,0,
stn:demo:S0660,Vallorbe,station,CH,3098,46.712,6.379,52,4,208,0,0.0081253,0.093571,0.0004835,0,
stn:demo:S0631,Thurles,station,IE,7940,52.682,-7.8022,240,5,1200,0,0.00019633,0.010044,0.0017744,0,
city:732770,Burgas,city,BG,210646,42.507,27.469,42,3,126,0,0,0.0012052,0.0011498,0,726.78
city:731233,Gorna Oryahovitsa,city,BG,32792,43.128,25.702,42,3,126,0,2.231e-05,0.0016847,0.0012048,0,
stn:demo:S0107,Briancon,station,FR,11577,44.892,6.642,14,2,28,0,0,0.043236,0.00041827,0,
stn:demo:S0250,Gol,station,NO,2530,60.702,8.946,66,8,528,0,0.013854,0.039788,0.0014239,0,
stn:demo:S0241,Geneve-Aeroport,station,CH,9781,46.232,6.1103,428,8,3424,0,0,0.10225,0.0018665,0,
stn:demo:S0239,Geilo,station,NO,2500,60.534,8.206,66,8,528,0,0.011101,0.038991,0.0014239,0,
city:2636910,Stirling,city,GB,37910,56.119,-3.9368,324,5,1188,0,0.0053276,0.068534,0.001082,0,
stn:demo:S0484,Otta,station,NO,2283,61.773,9.539,66,8,528,0,0.02206,0.03951,0.0015401,0,
stn:demo:S0480,Oslo Lufthavn,station,NO,0,60.193,11.098,66,8,528,0,0.030185,0.045517,0.0015401,0,
stn:demo:S0476,Oppdal,station,NO,4310,62.595,9.692,66,8,528,0,0.016599,0.0366,0.0015401,0,
stn:demo:S0444,Myrdal,station,NO,0,60.735,7.1223,66,8,528,0,0.0055686,0.036901,0.0014239,0,
stn:demo:S0437,Mosjoen,station,NO,9636,65.836,13.191,28,4,112,0,0.0055686,0.026371,0.00084711,0,
stn:demo:S0611,Storen,station,NO,0,63.035,10.283,66,8,528,0,0.013854,0.035045,0.0015401,0,
stn:demo:S0605,Steinkjer,station,NO,13060,64.015,11.495,28,4,112,0,0.0083395,0.029356,0.00084711,0,
stn:demo:S0589,Skanderborg,station,DK,13543,56.034,9.9318,428,8,3424,0,0.0083395,0.076518,0.001586,0,
stn:demo:S0576,Schwarzach-St. Veit,station,AT,3515,47.322,13.152,28,7,196,0,0.017522,0.076792,0.00062235,0,
stn:demo:S0574,Schiphol Airport,station,NL,15080,52.309,4.7621,1580,17,8328,0,0.0053767,0.12166,0.0035958,0,
stn:demo:S0569,Sarbogard,station,HU,13424,46.887,18.62,108,3,324,0,0.0055686,0.055841,0.00091152,0,
stn:demo:S0701,Worgl,station,AT,13811,47.489,12.062,66,11,726,0,0,0.078283,0.00081787,0,
stn:demo:S0337,Landquart,station,CH,8886,46.95,9.5667,216,4,864,0,0.0027887,0.09268,0.0007753,0,
stn:demo:S0336,Landeck-Zams,station,AT,7725,47.139,10.57,66,11,726,0,0.0047914,0.081389,0.00081787,0,
city:2525068,Catania,city,IT,311584,37.492,15.07,28,6,168,0,0.0027887,0.03978,0.00043673,0,846.65
stn:demo:S0321,Kongsvinger,station,NO,12338,60.19,11.998,42,7,294,0,0.0021194,0.044899,0.00076205,0,
stn:demo:S0313,Kobenhavns Lufthavn,station,DK,10000,55.63,12.649,940,14,4244,0,0.15603,0.076831,0.0024459,0,
stn:demo:S0311,Knin,station,HR,8262,44.041,16.197,28,3,84,0,0.0027887,0.039465,0.00076176,0,
city:2615006,Randers,city,DK,62802,56.461,10.036,216,6,1296,0,0.0027887,0.064825,0.00076168,0,
city:2614481,Roskilde,city,DK,51916,55.642,12.08,710,15,5098,0,0.16049,0.075488,0.0024368,0,
city:258576,Lárisa,city,GR,146926,39.628,22.421,80,2,160,0,4.462e-06,0.0010465,0.0014903,0,767.94
city:728203,Pleven,city,BG,90209,43.418,24.617,42,3,126,0,3.5696e-05,0.0017636,0.0012048,0,
city:2523920,Palermo,city,IT,648260,38.117,13.364,94,7,178,0,0,0.034407,0.0004605,0,819.97
city:2523630,Reggio Calabria,city,IT,182455,38.11,15.661,80,5,400,0,0,0.045995,0.00061853,0,753.2
city:2523083,Siracusa,city,IT,121605,37.075,15.287,28,6,168,0,0,0.037523,0.00043673,0,761.91
city:2522258,Albacete,city,ES,173050,38.994,-1.8564,184,7,840,0,0.013854,0.062089,0.0016007,0,345.9
city:2521978,Alicante,city,ES,348901,38.345,-0.48149,132,4,528,0,0,0.055351,0.001036,0,489.17
city:2520600,Cadiz,city,ES,116979,36.527,-6.2891,132,2,264,0,0,0.046355,0.00074742,0,648.65
city:2519752,Castelló de la Plana,city,ES,171857,39.986,-0.04935,160,3,480,0,0.0050867,0.062278,0.00090628,0,473.47
stn:demo:S0328,Kufstein,station,AT,9848,47.583,12.167,42,9,378,0,0.022946,0.087033,0.00058496,0,
city:680963,Constanţa,city,RO,317832,44.181,28.634,132,1,132,0,0,0.028202,0.00079945,0,625.43
city:680332,Craiova,city,RO,234140,44.317,23.8,80,1,80,0,0,0.027538,0.00057258,0,531.45
city:679452,Deva,city,RO,67802,45.883,22.9,14,6,84,0,0.013854,0.042595,0.00054997,0,
city:670474,Ploieşti,city,RO,180540,44.95,26.017,132,2,264,0,0.0041697,0.031904,0.0013555,0,821.29
city:660158,Espoo,city,FI,323910,60.205,24.652,216,3,648,0,7.5854e-05,0.0093555,0.0010243,0,803.45
city:723846,Poprad,city,SK,49091,49.061,20.298,132,6,792,0,0.0053142,0.053197,0.0013213,0,
city:723526,Spišská Nová Ves,city,SK,34855,48.945,20.562,132,6,792,0,0.0027887,0.052453,0.0013213,0,
city:722437,Békéscsaba,city,HU,59732,46.683,21.1,14,6,84,0,0.019334,0.050494,0.00054997,0,
city:721472,Debrecen,city,HU,202402,47.532,21.624,216,3,648,0,0.0027887,0.05364,0.0013977,0,516.25
city:717582,Miskolc,city,HU,154521,48.103,20.778,258,2,300,0,0.00037481,0.054516,0.00069178,0,463.47
city:716935,Nyíregyháza,city,HU,117689,47.955,21.717,216,3,648,0,0,0.051421,0.0013977,0,562.43
city:715429,Szeged,city,HU,160766,46.253,20.148,216,3,648,0,0,0.05321,0.0013071,0,445.58
city:3177610,Desenzano del Garda,city,IT,22665,45.471,10.536,188,7,1316,0,0.0062751,0.08472,0.0011804,0,
city:3177532,Domodossola,city,IT,17778,46.117,8.2931,94,10,554,0,0.036685,0.088833,0.00052496,0,
stn:demo:S0235,Gatwick Airport,station,GB,21232,51.157,-0.161,428,2,856,0,0.0027887,0.10934,0.00070442,0,
city:3177090,Ferrara,city,IT,132009,44.838,11.621,188,7,1316,0,0.018662,0.079789,0.001192,0,441.59
city:3047679,Nagykanizsa,city,HU,47349,46.453,16.991,14,5,70,0,0.0016264,0.050091,0.00061007,0,
city:3182179,Benevento,city,IT,58418,41.131,14.778,80,4,320,0,0.00029895,0.05711,0.00057441,0,
city:3181913,Bolzano,city,IT,107436,46.491,11.34,108,11,708,0,0.028868,0.078905,0.00086303,0,411.51
city:3181554,Brescia,city,IT,200423,45.536,10.215,268,8,1876,0,0.013576,0.087834,0.0016042,0,437.32
city:3179866,Caserta,city,IT,72844,41.073,14.332,80,4,320,0,0.0030342,0.059645,0.00057441,0,
city:3178587,Civitavecchia,city,IT,47543,42.093,11.797,66,6,396,0,6.693e-05,0.059421,0.00077893,0,
city:3178229,Como,city,IT,84808,45.808,9.0832,122,6,732,0,0.0059367,0.084066,0.00065362,0,
city:3195506,Maribor,city,SI,96209,46.556,15.646,188,4,432,0,0.0013587,0.057514,0.0010816,0,
city:3194360,Novi Sad,city,RS,215400,45.252,19.837,428,1,428,0,0,0.0017321,0.0014903,0,608.02
city:3190261,Split,city,HR,149830,43.509,16.439,28,3,84,0,0,0.03695,0.00076176,0,667.6
city:3183299,Alessandria,city,IT,92104,44.909,8.6101,108,3,324,0,0.0017826,0.071091,0.00064144,0,
city:3183089,Ancona,city,IT,89994,43.607,13.51,108,8,864,0,0.010798,0.067332,0.0010537,0,
city:3182714,Asti,city,IT,74348,44.902,8.2075,108,3,324,0,0.0043973,0.073179,0.00064144,0,
city:3177400,Empoli,city,IT,34394,43.718,10.948,216,2,432,0,0.0082413,0.074399,0.00065812,0,
stn:demo:S0232,Furth im Wald,station,DE,9480,49.309,12.848,80,6,480,0,0.0036454,0.073466,0.00073049,0,
stn:demo:S0226,Frasne,station,FR,1696,46.857,6.161,52,4,208,0,0.0082235,0.093221,0.0004835,0,
stn:demo:S0219,Finse,station,NO,0,60.602,7.504,66,8,528,0,0.0083395,0.037824,0.0014239,0,
stn:demo:S0298,Jesenice,station,SI,13255,46.432,14.062,28,7,196,0,0.017462,0.066444,0.00062235,0,
stn:demo:S0293,Interlaken Ost,station,CH,5067,46.691,7.869,216,5,1080,0,0,0.094413,0.00079269,0,
stn:demo:S0285,Honefoss,station,NO,13678,60.168,10.256,66,8,528,0,0.016599,0.042254,0.0014239,0,
stn:demo:S0284,Holyhead,station,GB,11431,53.309,-4.633,80,4,320,0,0,0.068246,0.00053311,0,
stn:demo:S0282,Herrljunga,station,SE,3982,58.077,13.027,216,7,1512,0,0.0060505,0.058298,0.0013554,0,
stn:demo:S0267,Hallsberg,station,SE,8146,59.065,15.11,216,7,1512,0,0.00081655,0.055442,0.0013554,0,
stn:demo:S0262,Guingamp,station,FR,9023,48.563,-3.1529,94,5,470,0,0.0055686,0.083986,0.00095089,0,
stn:demo:S0261,Guadalajara-Yebes,station,ES,1791,40.593,-3.111,202,8,1170,0,0.0013564,0.069514,0.0018977,0,
stn:demo:S0354,Les Arcs,station,FR,5910,43.457,6.479,80,7,560,0,0.0024318,0.077507,0.00089551,0,
stn:demo:S0080,Birmingham International,station,GB,13278,52.451,-1.7256,428,4,1712,0,0.0053187,0.10697,0.00098704,0,
stn:demo:S0072,Besancon Franche-Comte TGV,station,FR,1131,47.307,5.9543,136,12,712,0,0.081027,0.10414,0.00098001,0,
city:686254,Arad,city,RO,169065,46.183,21.317,14,6,84,0,0.016599,0.047621,0.00054997,0,510.63
stn:demo:S0060,Belfort-Montbeliard TGV,station,FR,2105,47.586,6.899,136,12,712,0,0.081379,0.10423,0.00098001,0,
stn:demo:S0049,Bad Schandau,station,DE,3078,50.919,14.156,80,6,480,0,0.0049796,0.075298,0.00063353,0,
stn:demo:S0040,Arvika,station,SE,13926,59.655,12.585,42,7,294,0,0.0020391,0.044855,0.00076205,0,
city:646005,Mikkeli,city,FI,51661,61.689,27.272,108,6,648,0,0.00011601,0.0063005,0.00099143,0,
city:643492,Oulu,city,FI,216066,65.012,25.468,132,5,660,0,0,0.003654,0.00097853,0,1363.1
city:641869,Pieksämäki,city,FI,17243,62.3,27.133,108,6,648,0,6.2468e-05,0.0058171,0.00099143,0,
city:637948,Salo,city,FI,50794,60.383,23.133,216,3,648,0,4.0158e-05,0.0072283,0.0010243,0,
city:637219,Seinäjoki,city,FI,66848,62.794,22.828,132,5,660,0,0.00011601,0.0054808,0.00097853,0,
city:633679,Turku,city,FI,206655,60.451,22.269,324,4,756,0,1.7848e-05,0.0064076,0.0011507,0,584.71
city:659180,Hämeenlinna,city,FI,68473,60.996,24.464,320,3,960,0,0.00016063,0.0091495,0.0012473,0,
city:6534232,Lamezia Terme,city,IT,70501,38.963,16.309,80,5,400,0,0.016599,0.049687,0.00061853,0,
city:651943,Kokkola,city,FI,48361,63.838,23.131,132,5,660,0,6.2468e-05,0.0045649,0.00097853,0,
city:650224,Kuopio,city,FI,125462,62.892,27.677,108,6,648,0,0,0.0043279,0.00099143,0,1105.4
city:649360,Lahti,city,FI,121622,60.983,25.662,216,7,1080,0,0.0002231,0.0094272,0.0015127,0,698.42
city:648900,Lappeenranta,city,FI,72909,61.059,28.189,108,4,432,0,0,0.0057038,0.00071053,0,
stn:demo:S0061,Bellegarde,station,FR,11699,46.108,5.826,108,3,324,0,0.0021581,0.092314,0.00056931,0,
city:2846939,Riesa,city,DE,29373,51.308,13.292,108,8,864,0,0.016982,0.081661,0.00073673,0,
city:2874545,Magdeburg,city,DE,244329,52.131,11.632,108,11,1188,0,0.00025582,0.082948,0.00080033,0,303.45
city:2874225,Mainz,city,DE,222889,49.982,8.2801,108,10,1080,0,0.00086563,0.094909,0.00078689,0,331.64
city:2871992,Memmingen,city,DE,44192,47.984,10.185,80,6,480,0,0.011965,0.085868,0.00054667,0,
city:2867543,Münster,city,DE,308258,51.962,7.6257,216,9,1944,0,0.076354,0.10035,0.0011554,0,289.62
city:2759706,Apeldoorn,city,NL,136670,52.21,5.9694,522,12,3602,0,0,0.10605,0.0017513,0,263.17
city:2759633,Assen,city,NL,68836,52.997,6.5625,432,7,1944,0,0.0027887,0.089234,0.0011522,0,
city:2757345,Delft,city,NL,95060,52.007,4.3556,428,6,2568,0,0.0030966,0.11414,0.0012001,0,
city:2756987,Deventer,city,NL,97331,52.255,6.1639,528,17,3650,0,0.022936,0.10522,0.0017798,0,
city:2766429,Sankt Pölten,city,AT,21911,48.208,15.637,748,20,3568,0,0.10119,0.083619,0.0031077,0,
city:2761353,Wiener Neustadt,city,AT,44820,47.805,16.232,324,5,1080,0,0.010115,0.074373,0.0014471,0,
city:2759887,Almelo,city,NL,72725,52.357,6.6625,522,12,3602,0,0.022695,0.10392,0.0017513,0,
city:2759879,Almere Stad,city,NL,176432,52.37,5.2141,216,5,1080,0,0.0021641,0.099576,0.00075208,0,329.7
city:2790471,Namur,city,BE,110939,50.467,4.8675,108,3,324,0,0.0021194,0.092493,0.00061262,0,307.43
city:3073371,Kolín,city,CZ,33444,50.028,15.2,108,4,432,0,0,0.065054,0.00072858,0,
city:2781680,Bludenz,city,AT,15102,47.155,9.8225,66,11,726,0,0.0054875,0.085297,0.00081787,0,
city:2781503,Bregenz,city,AT,29806,47.503,9.7471,80,6,480,0,0.013125,0.088591,0.00054667,0,
city:2779674,Feldkirch,city,AT,33420,47.236,9.5973,80,11,824,0,0.0070693,0.086825,0.00089601,0,
city:2774326,Klagenfurt am Wörthersee,city,AT,100316,46.625,14.305,108,4,432,0,0.0027597,0.06403,0.00072124,0,471.79
city:2800931,Brugge,city,BE,118509,51.209,3.2242,432,3,1080,0,0.0027887,0.10472,0.0011068,0,296.85
city:2800481,Charleroi,city,BE,200132,50.411,4.4445,216,1,216,0,0,0.098761,0.00038122,0,310.62
city:2797656,Gent,city,BE,265086,51.05,3.7167,648,4,1296,0,0.0055686,0.11085,0.0012564,0,284.34
city:2792482,Leuven,city,BE,101032,50.88,4.7009,216,2,432,0,0,0.10958,0.0005693,0,277.44
city:2791537,Mechelen,city,BE,77530,51.026,4.4776,428,2,856,0,0.045591,0.11814,0.00079218,0,
city:2790869,Mons,city,BE,95299,50.454,3.9523,216,1,216,0,0,0.098761,0.00038122,0,
city:2732773,Viana do Castelo,city,PT,36148,41.693,-8.8329,28,2,56,0,0.02206,0.043677,0.00035207,0,
city:2726756,Alingsås,city,SE,26329,57.93,12.533,216,7,1512,0,0.0086697,0.058948,0.0013554,0,
city:2712414,Gävle,city,SE,74884,60.675,17.142,108,4,432,0,0.013854,0.04646,0.00080358,0,
city:2708365,Halmstad,city,SE,70480,56.674,12.857,216,7,1512,0,0.096678,0.062218,0.0010465,0,
city:2707399,Hässleholm,city,SE,19309,56.159,13.766,240,10,2080,0,0.048355,0.064136,0.0014559,0,
city:2789786,Ostend,city,BE,69011,51.216,2.927,216,3,648,0,0,0.096605,0.00074744,0,
city:2659496,Neuchâtel,city,CH,33475,46.992,6.931,216,7,1512,0,0.0082963,0.10226,0.0010319,0,
city:2658822,Sankt Gallen,city,CH,75833,47.424,9.3748,508,12,3904,0,0.014356,0.099463,0.0022199,0,
city:2658761,Schaffhausen,city,CH,36587,47.697,8.6349,108,7,756,0,0.0042121,0.093485,0.00087172,0,
city:2661513,Biel/Bienne,city,CH,55120,47.137,7.2461,216,7,1512,0,0.0091843,0.10247,0.0010319,0,
city:2661169,Chur,city,CH,35373,46.85,9.5329,216,4,864,0,0,0.089903,0.0007753,0,
city:2660718,Fribourg,city,CH,38365,46.802,7.1513,428,8,3424,0,0.0042731,0.10813,0.0018665,0,
city:2677234,Skövde,city,SE,36842,58.391,13.845,216,7,1512,0,0.0034313,0.056685,0.0013554,0,
city:2667303,Trollhättan,city,SE,48573,58.284,12.289,52,6,312,0,0.080155,0.052473,0.00085485,0,
city:2664996,Varberg,city,SE,34248,57.106,12.251,216,7,1512,0,0.094358,0.060968,0.0010465,0,
city:2664454,Västerås,city,SE,127799,59.616,16.553,202,7,614,0,0.0095085,0.050693,0.0011828,0,835.44
city:2701680,Karlstad,city,SE,61492,59.379,13.504,42,7,294,0,0.0045155,0.045445,0.00076205,0,
city:2701223,Katrineholm,city,SE,23283,58.996,16.207,216,7,1512,0,0.00073177,0.054307,0.0013554,0,
city:2930596,Emden,city,DE,51526,53.366,7.2085,108,4,432,0,0,0.073847,0.00058531,0,
city:2926271,Flensburg,city,DE,85838,54.788,9.4372,66,9,594,0,0.18862,0.077108,0.00056085,0,
city:2847645,Rheine,city,DE,76491,52.285,7.4405,94,11,1034,0,0.023823,0.091288,0.00069364,0,
city:2820693,Tuttlingen,city,DE,34847,47.985,8.8177,108,7,756,0,0.0044018,0.09276,0.00087172,0,
city:2820256,Ulm,city,DE,120451,48.398,9.9916,352,14,2220,0,0.061725,0.10457,0.001447,0,316.59
city:2809346,Wiesbaden,city,DE,288850,50.086,8.2444,108,8,864,0,0,0.096647,0.00073673,0,320.9
city:2805753,Wuppertal,city,DE,360797,51.256,7.1482,108,7,756,0,0.026607,0.097439,0.00062109,0,311.46
city:2803073,Arlon,city,BE,26179,49.683,5.8167,108,3,324,0,0.00080762,0.080644,0.00061262,0,
city:2844588,Rostock,city,DE,198293,54.089,12.14,94,2,188,0,0,0.065506,0.00034559,0,376.8
city:2843636,Rottweil,city,DE,25510,48.168,8.6272,108,7,756,0,0.0055083,0.093129,0.00087172,0,
city:2842647,Saarbrücken,city,DE,182971,49.233,7.0098,66,4,264,0,0.0010158,0.10087,0.00047214,0,320.41
city:2841648,Sankt Augustin,city,DE,56094,50.775,7.197,216,4,864,0,0.033154,0.11087,0.00069497,0,
city:2835297,Schwandorf in Bayern,city,DE,28235,49.325,12.11,80,6,480,0,0.0062334,0.077914,0.00073049,0,
city:2831948,Sindelfingen,city,DE,61311,48.7,9.0167,108,7,756,0,0.0089775,0.096903,0.00087172,0,
city:2831924,Singen,city,DE,47621,47.759,8.8403,108,7,756,0,0.0039623,0.092732,0.00087172,0,
city:2857458,Oldenburg,city,DE,159218,53.14,8.2148,108,4,432,0,0.0055686,0.080919,0.00058531,0,321.9
city:2855328,Passau,city,DE,50560,48.566,13.431,122,15,896,0,0.044692,0.08011,0.00081681,0,
city:2848245,Rendsburg,city,DE,28323,54.302,9.6717,66,9,594,0,0.19072,0.07899,0.00056085,0,
city:2925535,Frankfurt (Oder),city,DE,57107,52.347,14.551,52,4,208,0,0.052843,0.076991,0.00049689,0,
city:759734,Rzeszów,city,PL,198317,50.041,21.999,108,3,324,0,0.0027887,0.046292,0.00090788,0,511.34
city:757026,Tarnów,city,PL,117799,50.014,20.987,108,3,324,0,0.0055686,0.049018,0.00090788,0,510.6
city:734077,Thessaloníki,city,GR,317778,40.641,22.935,80,2,160,0,0,0.00095762,0.0014903,0,756.41
stn:demo:S0034,Arlanda C,station,SE,0,59.649,17.929,428,2,856,0,0.019334,0.056414,0.0010994,0,
stn:demo:S0018,Alvesta,station,SE,8627,56.899,14.556,240,10,2080,0,0.04574,0.060917,0.0014559,0,
stn:demo:S0011,Aix-en-Provence TGV,station,FR,0,43.455,5.3173,160,15,936,0,0,0.090468,0.0011936,0,
stn:demo:S0010,Aigle,station,CH,10134,46.318,6.9646,216,9,1944,0,0.0084228,0.099839,0.0012285,0,
stn:demo:S0008,Aeroport CDG 2 TGV,station,FR,2651,49.004,2.571,254,15,1472,0,0.0027887,0.10412,0.0018074,0,
city:792680,Belgrade,city,RS,1273651,44.804,20.465,428,1,428,0,0,0.0017321,0.0014903,0,676.17
stn:demo:S0104,Brennero,station,IT,2085,47.002,11.506,42,9,378,0,0.030538,0.080251,0.00058496,0,
stn:demo:S0082,Bischofshofen,station,AT,7457,47.417,13.219,28,7,196,0,0.019771,0.078413,0.00062235,0,
city:2648208,Grantham,city,GB,44580,52.911,-0.64184,428,6,2568,0,0.0095115,0.10499,0.001247,0,
city:2624886,Aalborg,city,DK,142937,57.048,9.9187,216,6,1296,0,0,0.058818,0.00076168,0,518.88
city:2646458,Huddersfield,city,GB,149017,53.649,-1.7842,432,8,2376,0,0.0011378,0.092949,0.0011444,0,320.4
city:2706767,Helsingborg,city,SE,104250,56.047,12.694,216,7,1512,0,0.099052,0.064889,0.0010465,0,570.81
stn:demo:S0202,Egersund,station,NO,11433,58.451,5.9997,52,5,260,0,0.0027887,0.032565,0.00092608,0,
stn:demo:S0182,Dombas,station,NO,1163,62.074,9.127,66,8,528,0,0.019334,0.038517,0.0015401,0,
stn:demo:S0145,Champagne-Ardenne TGV,station,FR,1286,49.214,3.9947,42,4,168,0,0.0024199,0.10482,0.00055236,0,
stn:demo:S0131,Camp de Tarragona,station,ES,1177,41.191,1.271,160,6,960,0,0.015193,0.070834,0.0015359,0,
stn:demo:S0119,Buchs SG,station,CH,10418,47.168,9.479,80,11,824,0,0.0086689,0.088102,0.00089601,0,
city:2648182,Grays,city,GB,89755,51.476,0.32521,42,3,126,0,0.046811,0.10569,0.00033446,0,
city:2519402,Ciudad Real,city,ES,74743,38.986,-3.9291,240,4,960,0,0.02206,0.065766,0.0016397,0,
city:2518559,Elche,city,ES,234765,38.262,-0.70107,52,6,312,0,0.0055686,0.056258,0.00075858,0,503.82
city:2517117,Granada,city,ES,233532,37.188,-3.6067,66,3,198,0,0,0.050091,0.00052092,0,531.97
city:2516326,Jerez de la Frontera,city,ES,212879,36.686,-6.1361,132,2,264,0,0.0027887,0.048281,0.00074742,0,593.25
city:2514256,Málaga,city,ES,592346,36.72,-4.4203,160,3,480,0,0,0.054188,0.00094445,0,471.04
city:2513416,Murcia,city,ES,471982,37.987,-1.13,52,6,312,0,0,0.053686,0.00075858,0,558.33
city:2513076,Orihuela,city,ES,101321,38.085,-0.94401,52,6,312,0,0.0027887,0.055107,0.00075858,0,539.55
city:2512177,Puertollano,city,ES,51842,38.687,-4.1073,240,4,960,0,0.019334,0.064639,0.0016397,0,
city:2510409,Toledo,city,ES,86526,39.858,-4.0226,188,1,188,0,0,0.063441,0.00049734,0,
city:2646088,Inverness,city,GB,47790,57.479,-4.224,120,4,348,0,0,0.049711,0.00046764,0,
city:2704613,Hudiksvall,city,SE,16081,61.727,17.106,108,4,432,0,0.011101,0.043091,0.00080358,0,
city:2746301,Tilburg,city,NL,221947,51.556,5.0913,216,4,864,0,0.0088481,0.10034,0.00057234,0,306.17
city:2744911,Weert,city,NL,48662,51.252,5.7069,428,8,3424,0,0.0083395,0.10067,0.0014601,0,
city:2742611,Aveiro,city,PT,80880,40.646,-8.6464,216,5,1080,0,0.013854,0.041717,0.0018874,0,
city:2742032,Braga,city,PT,193324,41.551,-8.4231,108,1,108,0,0,0.037279,0.00040245,0,819.86
city:2740637,Coimbra,city,PT,140796,40.207,-8.42,216,5,1080,0,0.011101,0.041171,0.0018874,0,620.94
city:2751738,Lelystad,city,NL,79811,52.508,5.475,216,5,1080,0,7.1392e-05,0.096414,0.00075208,0,
city:2751283,Maastricht,city,NL,122378,50.848,5.6889,428,8,3424,0,0,0.089811,0.0014601,0,310.04
city:2750053,Nijmegen,city,NL,177359,51.843,5.8528,428,3,1284,0,0,0.099814,0.00073228,0,289.1
city:2748000,Roermond,city,NL,44975,51.194,5.9875,428,8,3424,0,0.0055686,0.098257,0.0014601,0,
city:2747351,'s-Hertogenbosch,city,NL,160783,51.699,5.3042,856,8,4708,0,0.0068804,0.10909,0.0019321,0,282.63
city:2747203,Sittard,city,NL,48400,50.998,5.8694,428,8,3424,0,0.0027887,0.094515,0.0014601,0,
city:2756669,Dordrecht,city,NL,119260,51.81,4.6736,428,6,2568,0,0,0.1076,0.0012001,0,304.77
city:2640085,Portadown,city,GB,32926,54.423,-6.4443,160,5,800,0,6.2468e-05,0.0085592,0.0014028,0,
city:2639912,Preston,city,GB,313332,53.763,-2.7045,188,8,1504,0,0.021269,0.087637,0.0011382,0,302.46
city:760924,Puławy,city,PL,49759,51.417,21.969,132,2,264,0,0.0027887,0.05282,0.00074425,0,
stn:demo:S0431,Montabaur,station,DE,12345,50.445,7.8256,216,4,864,0,0.03352,0.11096,0.00069497,0,
stn:demo:S0428,Modane,station,FR,4086,45.192,6.671,42,5,210,0,0.054215,0.08161,0.00046119,0,
stn:demo:S0419,Meuse TGV,station,FR,0,48.978,5.272,42,4,168,0,0.0027129,0.10365,0.00055236,0,
stn:demo:S0405,Manchester Airport,station,GB,9736,53.365,-2.2729,216,4,864,0,0,0.086241,0.00055109,0,
stn:demo:S0403,Mallow,station,IE,13456,52.133,-8.6333,240,5,1200,0,6.2468e-05,0.0097113,0.0017744,0,
stn:demo:S0396,Macon-Loche TGV,station,FR,7019,46.282,4.779,108,3,324,0,0.0025106,0.094323,0.00056931,0,
stn:demo:S0384,Lorraine TGV,station,FR,0,48.948,6.1697,42,4,168,0,0.0030728,0.10282,0.00055236,0,
stn:demo:S0565,Sanabria AV,station,ES,1615,42.046,-6.662,94,5,470,0,0.03823,0.056528,0.0011211,0,
stn:demo:S0541,Requena-Utiel,station,ES,20227,39.517,-1.135,240,3,720,0,0.00051313,0.063449,0.0012623,0,
city:728193,Plovdiv,city,BG,329489,42.154,24.75,122,3,206,0,3.5696e-05,0.0018562,0.0017422,0,554.13
city:726848,Stara Zagora,city,BG,121582,42.432,25.643,42,3,126,0,2.231e-05,0.0017654,0.0011498,0,603.18
city:726050,Varna,city,BG,318737,43.219,27.91,42,3,126,0,0,0.0010762,0.0012048,0,623.51
city:776069,Białystok,city,PL,295683,53.133,23.164,108,1,108,0,0,0.049225,0.00039066,0,582.23
city:765876,Lublin,city,PL,336339,51.251,22.57,132,2,264,0,0,0.050782,0.00074425,0,484.77
city:761168,Przemyśl,city,PL,67013,49.785,22.767,108,3,324,0,0,0.043359,0.00090788,0,
city:2637142,Stafford,city,GB,70145,52.805,-2.1164,216,5,1080,0,0.01839,0.096787,0.00078004,0,
city:3027484,Chalon-sur-Saône,city,FR,47251,46.781,4.8537,132,3,396,0,0.0028512,0.089287,0.00075289,0,
city:3036938,Arles,city,FR,53431,43.677,4.6303,66,10,660,0,0.0051001,0.082938,0.001006,0,
city:3036784,Arras,city,FR,47052,50.293,2.7819,80,3,240,0,0.0055686,0.098589,0.0007399,0,
city:3034475,Bayonne,city,FR,44396,43.493,-1.473,52,5,260,0,0.029991,0.079186,0.00069322,0,
city:3032797,Biarritz,city,FR,33188,43.481,-1.5568,52,5,260,0,0.027698,0.078331,0.00069322,0,
city:3032213,Blois,city,FR,53660,47.594,1.3291,94,3,282,0,0.00068269,0.091399,0.00060501,0,
city:2984114,Reims,city,FR,196565,49.265,4.0285,132,1,132,0,0,0.10012,0.00038329,0,320.74
city:2982652,Rouen,city,FR,116331,49.443,1.0993,188,2,376,0,0.0027887,0.098759,0.00078487,0,302.95
city:2981280,Saint-Brieuc,city,FR,52774,48.515,-2.7684,94,5,470,0,0.0083395,0.086476,0.00095089,0,
city:2980291,Saint-Étienne,city,FR,176280,45.434,4.39,268,1,268,0,0,0.091229,0.00050897,0,456.15
city:2974733,Sète,city,FR,40736,43.403,3.6928,52,6,312,0,0,0.083282,0.0005942,0,
city:2972811,Thionville,city,FR,44311,49.36,6.1604,400,3,880,0,0.0034447,0.091776,0.0013474,0,
city:2990474,Nevers,city,FR,43988,46.99,3.159,108,4,432,0,0.0083395,0.086456,0.00097893,0,
city:2984701,Quimper,city,FR,63849,47.996,-4.0979,80,4,320,0,0,0.074431,0.00074729,0,
city:2659748,Martigny-Ville,city,CH,18301,46.103,7.0724,216,9,1944,0,0.0075661,0.098469,0.0012285,0,
city:2991481,Moulins,city,FR,23095,46.565,3.3324,108,4,432,0,0.0055686,0.082247,0.00097893,0,
city:2990999,Nancy,city,FR,105058,48.684,6.185,254,2,254,0,0,0.096883,0.00050681,0,369.11
city:2997577,Lorient,city,FR,58112,47.748,-3.3718,80,4,320,0,0.0027887,0.078952,0.00074729,0,
city:2694762,Linköping,city,SE,166673,58.411,15.622,240,10,2080,0,0.040912,0.058239,0.0014559,0,563.51
city:2692969,Malmö,city,SE,362133,55.606,13.001,1108,15,5556,0,0.15378,0.077681,0.0032473,0,555.37
city:2690170,Nässjö,city,SE,17719,57.653,14.697,240,10,2080,0,0.043255,0.059179,0.0014559,0,
city:2688368,Norrköping,city,SE,93765,58.594,16.183,248,11,2112,0,0.038592,0.057912,0.0014747,0,
city:2686657,Örebro,city,SE,155989,59.274,15.207,202,7,614,0,0.0070143,0.048282,0.0011828,0,585.46
city:2652618,Colchester,city,GB,130245,51.889,0.90421,428,3,1284,0,0.0055686,0.10442,0.0009347,0,323.79
city:2652221,Coventry,city,GB,345324,52.407,-1.5122,428,4,1712,0,0.0077527,0.1081,0.00098704,0,184.82
city:2651513,Darlington,city,GB,92363,54.524,-1.5504,832,16,6388,0,0.019561,0.098737,0.0026492,0,
city:2651347,Derby,city,GB,270468,52.923,-1.4766,216,4,864,0,0.0054213,0.094803,0.00069409,0,252.21
city:2651269,Didcot,city,GB,29341,51.609,-1.2421,428,6,2568,0,0.018873,0.11455,0.0012398,0,
city:2651123,Doncaster,city,GB,113566,53.523,-1.1312,428,6,2568,0,0.0070061,0.10035,0.001247,0,261.95
city:2655095,Bournemouth,city,GB,163600,50.72,-1.8795,616,13,3832,0,0,0.093194,0.0018782,0,235.41
city:2991772,Morlaix,city,FR,17516,48.578,-3.8279,94,5,470,0,0.0027887,0.079795,0.00095089,0,
city:3046526,Pécs,city,HU,145347,46.076,18.228,108,3,324,0,0,0.04925,0.00091152,0,462.79
city:3045332,Siófok,city,HU,23028,46.904,18.058,14,5,70,0,0.0039154,0.055171,0.00061007,0,
city:3044774,Székesfehérvár,city,HU,101600,47.19,18.41,14,5,70,0,0.0065971,0.057396,0.00061007,0,478.72
city:3064379,Tábor,city,CZ,36264,49.414,14.658,108,2,216,0,0.0027887,0.058678,0.00058493,0,
city:3063548,Ústí nad Labem,city,CZ,90378,50.661,14.032,80,6,480,0,0.00055329,0.073034,0.00063353,0,
city:3057140,Trenčín,city,SK,58278,48.895,18.044,132,6,792,0,0.010709,0.060482,0.0013213,0,
city:3057124,Trnava,city,SK,62806,48.378,17.586,132,6,792,0,0.013457,0.063795,0.0013213,0,
city:3056508,Žilina,city,SK,81219,49.223,18.739,132,6,792,0,0.0079557,0.057113,0.0013213,0,
city:3054543,Cegléd,city,HU,39287,47.173,19.8,216,3,648,0,0.0055686,0.061103,0.0013071,0,
city:3077244,Děčín,city,CZ,46376,50.782,14.215,80,6,480,0,0.0027531,0.074357,0.00063353,0,
city:3069011,Olomouc,city,CZ,99496,49.596,17.252,362,5,1170,0,0.0028378,0.064161,0.0015059,0,
city:3068160,Pilsen,city,CZ,168733,49.747,13.378,296,6,696,0,0.0017536,0.070357,0.00096514,0,430.96
city:3065281,Starý Bohumín,city,CZ,23034,49.917,18.336,70,8,350,0,0.016652,0.064187,0.0006346,0,
city:3017253,Fréjus,city,FR,53098,43.433,6.7355,80,7,560,0,0.00034804,0.076597,0.00089551,0,
city:3016702,Gap,city,FR,42715,44.559,6.0787,14,2,28,0,0.0027887,0.04704,0.00041827,0,
city:3028641,Carcassonne,city,FR,49600,43.216,2.3486,66,10,660,0,0.0045378,0.076579,0.001006,0,
city:3006787,La Rochelle,city,FR,76810,46.163,-1.1522,108,4,216,0,9.8164e-05,0.081087,0.00048869,0,
city:3003796,Le Havre,city,FR,185972,49.493,0.10785,188,2,376,0,0,0.087344,0.00078487,0,350.96
city:2998286,Limoges,city,FR,141176,45.834,1.2476,52,8,416,0,0.0023961,0.077519,0.00085174,0,526.65
city:3026204,Châteauroux,city,FR,53301,46.812,1.6936,52,8,416,0,0.0045869,0.084283,0.00085174,0,
city:3025466,Cherbourg,city,FR,26655,49.64,-1.6164,108,2,216,0,0,0.076085,0.00061632,0,
city:3024635,Clermont-Ferrand,city,FR,147865,45.78,3.0868,108,4,432,0,0,0.07455,0.00097893,0,487.5
city:3024297,Colmar,city,FR,65405,48.081,7.3558,268,4,752,0,0.097463,0.11004,0.00087611,0,
city:3021670,Dax,city,FR,22305,43.71,-1.0537,52,5,260,0,0.032285,0.081494,0.00069322,0,
city:3021000,Douai,city,FR,46531,50.371,3.0792,80,3,240,0,0.0027887,0.095454,0.0007399,0,
city:3031133,Boulogne-sur-Mer,city,FR,47013,50.725,1.6137,66,3,198,0,0,0.079019,0.00070071,0,
city:3030300,Brest,city,FR,144899,48.39,-4.4863,94,5,470,0,0,0.076078,0.00095089,0,555.62
city:3029974,Brive-la-Gaillarde,city,FR,53466,45.159,1.5333,66,8,472,0,0.00061129,0.072558,0.00093034,0,
city:3029241,Caen,city,FR,110624,49.186,-0.35912,108,2,216,0,0.0027887,0.085704,0.00061632,0,374.75
city:3029213,Cahors,city,FR,23331,44.449,1.4366,66,8,472,0,0.0012538,0.069869,0.00093034,0,
city:3028808,Cannes,city,FR,74545,43.551,7.0127,202,7,1048,0,0.014742,0.078263,0.0014738,0,
city:3014728,Grenoble,city,FR,158552,45.179,5.7148,310,2,310,0,0,0.086163,0.00056735,0,425.54
city:2960992,Waterford,city,IE,60079,52.258,-7.1119,94,2,188,0,0,0.0045801,0.00061893,0,
city:2972328,Toulon,city,FR,168701,43.124,5.9284,202,7,1048,0,0.020759,0.083082,0.0014738,0,502.09
city:2972315,Toulouse,city,FR,511684,43.604,1.4437,226,17,1508,0,0.0037793,0.082702,0.0022031,0,503.91
city:2971041,Valenciennes,city,FR,44821,50.359,3.5251,80,3,240,0,0,0.089786,0.0007399,0,
city:2970777,Vannes,city,FR,54020,47.657,-2.762,80,4,320,0,0.0055686,0.082859,0.00074729,0,
city:2969392,Vichy,city,FR,27019,46.127,3.4258,108,4,432,0,0.0027887,0.078408,0.00097893,0,
city:2969257,Vierzon,city,FR,29876,47.222,2.0684,52,8,416,0,0.0070901,0.088551,0.00085174,0,
city:2965140,Cork,city,IE,224004,51.898,-8.4706,240,5,1200,0,0,0.0081228,0.0017744,0,696.43
city:2891122,Kiel,city,DE,252668,54.321,10.135,108,2,216,0,0,0.074732,0.0003696,0,444.6
city:2886946,Koblenz,city,DE,107319,50.354,7.5788,108,10,1080,0,0.00064699,0.094034,0.00078689,0,300.26
city:2881485,Landshut,city,DE,71863,48.53,12.162,80,6,480,0,0.0034134,0.083985,0.00073049,0,
city:2879697,Leer,city,DE,33886,53.232,7.461,108,4,432,0,0.0027887,0.076431,0.00058531,0,
city:2877550,Lindau,city,DE,24518,47.546,9.6843,80,6,480,0,0.012378,0.087685,0.00054667,0,
city:2875601,Lübeck,city,DE,212207,53.869,10.687,108,1,108,0,0,0.075741,0.00028179,0,426.82
city:2654710,Brighton,city,GB,283870,50.828,-0.13947,428,2,856,0,0,0.099619,0.00070442,0,359.83
city:2899101,Horb am Neckar,city,DE,25651,48.444,8.6913,108,7,756,0,0.0070187,0.094507,0.00087172,0,
city:2895992,Ingolstadt,city,DE,120658,48.765,11.424,108,8,864,0,0,0.089425,0.00068878,0,429.47
city:2894003,Kaiserslautern,city,DE,98732,49.443,7.7716,66,4,264,0,0.0016108,0.10202,0.00047214,0,
city:2892518,Kassel,city,DE,197230,51.317,9.5,432,18,3780,0,0.12601,0.10818,0.0022356,0,278.59
city:2925177,Freiburg,city,DE,237460,47.996,7.8522,230,14,2244,0,0.059018,0.10662,0.0013959,0,378.13
city:2912621,Hagen,city,DE,198972,51.361,7.4717,108,7,756,0,0.025295,0.095865,0.00062109,0,311.65
city:2911007,Hanau am Main,city,DE,88648,50.134,8.9142,108,6,648,0,0.11336,0.09991,0.00058146,0,
city:2934246,Düsseldorf,city,DE,618685,51.223,6.7793,878,38,8024,0,0.099256,0.12403,0.0042314,0,283.23
city:2931574,Eisenach,city,DE,40747,50.981,10.315,216,10,1512,0,0.020925,0.09885,0.0011194,0,
city:2756071,Enschede,city,NL,153655,52.218,6.8958,428,6,2568,0,0,0.096513,0.0012643,0,284.04
city:2755420,Gouda,city,NL,71952,52.017,4.7083,644,3,1288,0,0.023556,0.1153,0.00071099,0,
city:2755251,Groningen,city,NL,244807,53.219,6.5667,432,7,1944,0,0,0.085475,0.0011522,0,336.96
city:2751792,Leeuwarden,city,NL,124481,53.203,5.8097,216,3,648,0,0,0.081589,0.00049596,0,334.15
city:2751773,Leiden,city,NL,119713,52.158,4.4931,856,6,3424,0,3.5696e-05,0.11478,0.0015267,0,316.37
city:2659811,Luzern,city,CH,81691,47.05,8.3064,860,7,1724,0,0.0075452,0.10515,0.001127,0,
city:2904789,Hildesheim,city,DE,103052,52.151,9.9511,108,11,1188,0,0.0025166,0.09017,0.00084105,0,323.02
city:2653822,Cardiff,city,GB,372089,51.48,-3.18,432,6,2376,0,0.0027887,0.094602,0.0011827,0,265.41
city:2653775,Carlisle,city,GB,78470,54.895,-2.9382,188,8,1504,0,0.01063,0.078228,0.0011382,0,
city:2653228,Chester,city,GB,90524,53.191,-2.8919,80,4,320,0,0.0055686,0.082432,0.00053311,0,
city:2653225,Chesterfield,city,GB,113057,53.25,-1.4167,216,4,864,0,0.0030252,0.093206,0.00069409,0,285.62
city:2653144,Chippenham,city,GB,35800,51.46,-2.1247,428,6,2568,0,0.0026936,0.10722,0.0012398,0,
city:2657832,Aberdeen,city,GB,198590,57.144,-2.0981,432,7,1728,0,0,0.05938,0.0013964,0,589.55
city:2657215,Arbroath,city,GB,23640,56.563,-2.5874,216,4,864,0,0.0027887,0.063549,0.00077267,0,
city:2656397,Bangor,city,GB,18322,53.228,-4.1294,80,4,320,0,0.0027887,0.072295,0.00053311,0,
city:2656192,Basingstoke,city,GB,107642,51.262,-1.0871,428,5,2140,0,0.0027174,0.10943,0.0011537,0,317
city:2656173,Bath,city,GB,101557,51.375,-2.3617,428,6,2568,0,5.8006e-05,0.10358,0.0012398,0,218.2
city:2655984,Belfast,city,GB,348005,54.597,-5.9254,160,5,800,0,0,0.0071066,0.0014028,0,493.81
city:2658606,Sierre,city,CH,16790,46.292,7.5356,216,9,1944,0,0.0084406,0.098111,0.0012285,0,
city:2996882,Mâcon,city,FR,35484,46.314,4.8282,132,3,396,0,0.0011423,0.089224,0.00075289,0,
city:2995206,Massy,city,FR,38768,48.727,2.283,216,13,1174,0,0.00083439,0.096237,0.0015272,0,
city:2994497,Menton,city,FR,29649,43.776,7.5043,216,3,648,0,0.0090623,0.073378,0.0011075,0,
city:2962026,Portlaoise,city,IE,23494,53.034,-7.2998,240,5,1200,0,0.0002231,0.0091297,0.0017744,0,
city:2993458,Monaco,city,MC,32965,43.737,7.4215,216,3,648,0,0.010263,0.073781,0.0011075,0,
city:2946447,Bonn,city,DE,330579,50.734,7.0955,108,10,1080,0,0.0025612,0.097517,0.00078689,0,322.71
city:2939797,Crailsheim,city,DE,35755,49.134,10.072,108,4,432,0,0.0066484,0.08932,0.00060601,0,
city:2938913,Darmstadt,city,DE,167029,49.872,8.6503,108,3,324,0,0.00030565,0.099428,0.00040702,0,350.22
city:2959927,Aalen,city,DE,67085,48.838,10.093,108,4,432,0,0.006751,0.089614,0.00060601,0,
city:2955936,Ansbach,city,DE,31839,49.305,10.593,108,4,432,0,0.0072552,0.089765,0.00060601,0,
city:2954172,Augsburg,city,DE,301105,48.372,10.899,352,14,2220,0,0.060949,0.10185,0.001447,0,370.65
city:2953552,Bad Bentheim,city,DE,15508,52.301,7.1576,94,11,1034,0,0.023479,0.091272,0.00069364,0,
city:2949186,Bielefeld,city,DE,331906,52.033,8.5333,324,16,2916,0,0.024913,0.10173,0.00169,0,274.02
city:2947416,Bochum,city,DE,385729,51.482,7.2165,324,13,2916,0,0.080612,0.1123,0.0016255,0,295.64
city:2964661,Drogheda,city,IE,44135,53.719,-6.3478,160,5,800,0,0.00019633,0.0091343,0.0014028,0,
city:2964540,Dundalk,city,IE,43112,54,-6.4167,160,5,800,0,0.00016063,0.0094096,0.0014028,0,
city:2964180,Galway,city,IE,85910,53.272,-9.051,132,2,264,0,0,0.0047637,0.00071198,0,
city:2963398,Kilkenny,city,IE,21589,52.654,-7.2522,94,2,188,0,6.2468e-05,0.0052804,0.00061893,0,
city:2962943,Limerick,city,IE,102287,52.665,-8.6231,108,2,216,0,0,0.0061319,0.00051423,0,664.39
city:2994160,Metz,city,FR,123914,49.119,6.1727,400,3,880,0,0.0062066,0.094299,0.0013474,0,352.33
