route_id,delta_mean_min,demand_disconnected,demand_slower,rail_share_lost,route_name,trips_per_week,origin,destination,delta_mean_pct
demo:GB01,2.4462,0.013818,0.039539,0.012231,GB01,428,London,Birmingham,0.68436
demo:DE36,1.8186,0,0.014896,0.012442,DE36,52,Berlin,Warsaw,0.50877
demo:EU04,1.4637,0,0.072585,0.015875,EU04,52,London,Amsterdam,0.40949
demo:EU01,1.2342,0,0.044253,0.0012861,EU01,132,London,Paris,0.34529
demo:EU07,1.1829,0,0.057001,0.0032556,EU07,66,Paris,Köln,0.33095
demo:FR11,1.0931,0,0.018955,0.00274,FR11,42,Paris,Milan,0.30581
demo:GB10,1.0649,0.0095231,0.022441,0.0075891,GB10,216,London,Sheffield,0.29791
demo:GB05,1.0566,0.013055,0.0092471,0.0068523,GB05,188,London,Glasgow,0.29561
demo:DE11,1.0121,0.0095113,0.032316,0.012781,DE11,216,Hamburg,Köln,0.28315
demo:DE08,0.99972,0.015491,0.028256,0.0060422,DE08,108,Berlin,Köln,0.27969
demo:ES03,0.95801,0.0052871,0.0049386,0.0036137,ES03,240,Madrid,Sevilla,0.26802
demo:ES02,0.83685,0.0018479,0.020784,0.0033635,ES02,160,Madrid,Barcelona,0.23412
demo:GB16,0.72961,0.0040024,0.017857,0.0041652,GB16,428,London,Bournemouth,0.20412
demo:GB17,0.71667,0.017248,0.01249,0.012533,GB17,428,London,Norwich,0.2005
demo:GB13,0.67553,0.0058434,0.02881,0.0045419,GB13,216,London,Swansea,0.18899
demo:ES01,0.66753,0,0.014768,0.0012091,ES01,188,Madrid,Barcelona,0.18675
demo:DE09,0.61001,0,0.036581,0.0013694,DE09,108,Berlin,Köln,0.17066
demo:GB09,0.58725,0.0087955,0.015209,0.0060021,GB09,216,London,Nottingham,0.16429
demo:ES12,0.58446,0.0037031,0.0067958,0.0034783,ES12,42,Madrid,Irun,0.16351
demo:GB02,0.58221,0,0.012483,0.0011356,GB02,320,London,Manchester,0.16288
demo:FR35,0.58194,0,0.005656,0.0015295,FR35,188,Paris,Nantes,0.16281
demo:GB07,0.55829,0,0.014338,0.0012125,GB07,428,London,Edinburgh,0.15619
demo:ES04,0.55711,0.0034664,0.0034123,0.0020875,ES04,160,Madrid,Málaga,0.15586
demo:GB08,0.5566,0.0050551,0.014459,0.0035995,GB08,428,London,Leeds,0.15572
demo:ES07,0.51817,0.0053105,0.0041958,0.0031836,ES07,52,Madrid,Murcia,0.14497
demo:EU02,0.51432,0,0.047748,0.00063666,EU02,42,London,Paris,0.14389
demo:FR30,0.50244,0,0.0047041,0.0021178,FR30,52,Paris,Irun,0.14057
demo:DE01,0.48383,0,0.022375,0.0023905,DE01,108,Hamburg,Munich,0.13536
demo:DE19,0.48095,0,0.049436,0.0023352,DE19,66,Brussels,Frankfurt am Main,0.13455
demo:ES14,0.46315,0.0024994,0.0036101,0.0023948,ES14,160,Barcelona,Valencia,0.12957
demo:DE30,0.45425,0.018262,0.021801,0.0059275,DE30,108,Stuttgart,Dortmund,0.12708
demo:DE07,0.4534,0.0027648,0.016521,0.0029484,DE07,108,Berlin,Basel,0.12685
demo:DE12,0.38535,0,0.022061,0.002568,DE12,108,Hamburg,Basel,0.10781
demo:DE15,0.37808,0,0.027404,0.00203,DE15,108,Dortmund,Munich,0.10577
demo:EU06,0.37575,0,0.023718,0.0018061,EU06,80,Paris,Amsterdam,0.10512
demo:GB12,0.36716,0,0.025873,0.0015983,GB12,216,London,Cardiff,0.10272
demo:AT01,0.36205,0,0.01052,0.0010945,AT01,52,Munich,Budapest,0.10129
demo:GB11,0.34605,0.0033982,0.02404,0.0025559,GB11,428,London,Bristol,0.096813
demo:DE38,0.34223,0,0.005013,0.0033469,DE38,66,Hamburg,Copenhagen,0.095745
demo:DE06,0.33983,0.0082488,0.0082569,0.0034291,DE06,108,Dresden,Wiesbaden,0.095073
demo:GB21,0.33802,0.0079621,0.009695,0.0087391,GB21,188,Manchester,Bournemouth,0.094567
demo:DE14,0.33157,0.0020147,0.013605,0.0028003,DE14,108,Hamburg,Munich,0.092762
demo:ES05,0.33055,0,0.0021884,0.0021276,ES05,240,Madrid,Valencia,0.092475
demo:DE04,0.32047,0,0.011362,0.0036295,DE04,108,Berlin,Munich,0.089657
demo:DE05,0.29533,0,0.012609,0.0012038,DE05,108,Berlin,Frankfurt am Main,0.082623
demo:DE34,0.28288,0,0.019165,0.00037423,DE34,28,Paris,Munich,0.079141
demo:IT03,0.27674,0,0.018467,0.00055883,IT03,268,Milan,Naples,0.077422
demo:DE16,0.27418,0,0.023552,0.001808,DE16,108,Essen,Munich,0.076706
demo:GB04,0.27312,0,0.0077454,0.00052492,GB04,216,London,Liverpool,0.07641
demo:GB20,0.26258,0,0.01063,0.0079045,GB20,188,Edinburgh,Plymouth,0.07346
demo:EU03,0.25941,0,0.050858,0.00038011,EU03,80,London,Brussels,0.072574
demo:ES06,0.25912,0.0025987,0.0024829,0.001471,ES06,132,Madrid,Alicante,0.072493
demo:DE26,0.2563,0.0072646,0.018754,0.0033292,DE26,108,Leipzig,Köln,0.071705
demo:IT01,0.24981,0,0.020876,0.00018068,IT01,188,Turin,Salerno,0.069887
demo:ES09,0.24801,0.0041443,0.0042594,0.0021631,ES09,66,Madrid,Gijón,0.069385
demo:ES17,0.24476,0,0.007326,0.0007062,ES17,28,Barcelona,Lyon,0.068477
demo:FR39,0.24227,0.0073496,0.0031926,0.0032109,FR39,188,Paris,Le Havre,0.067778
demo:ES16,0.24095,0,0.014264,0.00029444,ES16,28,Barcelona,Paris,0.06741
demo:DE32,0.23493,0.004828,0.0045331,0.001518,DE32,66,Paris,Frankfurt am Main,0.065726
demo:GB18,0.23351,0.0049589,0.0034734,0.0034734,GB18,428,London,Brighton,0.065329
demo:FR25,0.22951,0.0049853,0.0025007,0.0025007,FR25,132,Paris,Reims,0.06421
demo:ES20,0.22102,0.0014325,0.00084888,0.00084888,ES20,132,Sevilla,Cadiz,0.061833
demo:DE10,0.21951,0,0.0098675,0.0020579,DE10,94,Berlin,Amsterdam,0.061412
demo:DE22,0.21815,0,0.0082144,0.0016675,DE22,94,Frankfurt am Main,Vienna,0.06103
demo:DE13,0.19078,0,0.013929,0.00078176,DE13,108,Hamburg,Stuttgart,0.053375
demo:FR44,0.18838,0.0021482,0.0011915,0.0011915,FR44,268,Lyon,Saint-Étienne,0.052701
demo:GB14,0.18698,0,0.0037734,0.0003895,GB14,216,London,Penzance,0.052309
demo:NL02,0.18678,0.0034003,0.0058161,0.003005,NL02,428,Amsterdam,Dordrecht,0.052254
demo:PL05,0.18284,0,0.0043861,0.0037017,PL05,216,Warsaw,Łódź,0.051153
demo:NL12,0.17892,0.0063596,0.0067851,0.0031549,NL12,216,The Hague,Eindhoven,0.050056
demo:ES11,0.17835,0.0051339,0.0017072,0.0013808,ES11,42,Madrid,Vigo,0.049896
demo:IT04,0.1761,0.0017811,0.0077662,0.0016406,IT04,188,Venice,Naples,0.049266
demo:DE18,0.17063,0,0.015328,0.0050795,DE18,94,Amsterdam,Frankfurt am Main,0.047736
demo:BE05,0.16902,0.0056955,0.0017773,0.0017773,BE05,216,Brussels,Charleroi,0.047287
demo:DE35,0.16717,0,0.0075918,0.0011049,DE35,14,Marseille,Frankfurt am Main,0.046768
demo:FR37,0.16658,0.0014815,0.0044242,0.00082393,FR37,52,Paris,Toulouse,0.046603
demo:EU05,0.1649,0,0.0082779,0.0003224,EU05,132,Paris,Brussels,0.046133
demo:AT08,0.1581,0,0.0035059,0.001219,AT08,42,Munich,Bologna,0.04423
demo:PL10,0.15801,0.004794,0.0039902,0.0027711,PL10,80,Wrocław,Gdańsk,0.044207
demo:ES19,0.1577,0.001402,0.0022156,0.0008908,ES19,66,Madrid,Granada,0.044119
demo:DE02,0.14821,0,0.012516,0.00026807,DE02,80,Hamburg,Prague,0.041463
demo:IT11,0.14774,0.0034883,0.002003,0.0011363,IT11,108,Milan,Lecce,0.041331
demo:BE04,0.13795,0.0031644,0.0019388,0.0010491,BE04,216,Brussels,Liège,0.038593
demo:FR33,0.13693,0.0012265,0.002884,0.00081742,FR33,94,Paris,Brest,0.038309
demo:FR28,0.1301,0,0.001614,0.00019558,FR28,108,Paris,Bordeaux,0.036399
demo:DE31,0.12691,0.0040609,0.0035222,0.0016622,DE31,108,Frankfurt am Main,Karlsruhe,0.035506
demo:ES10,0.12308,0.0013841,0.0010005,0.0006702,ES10,94,Madrid,A Coruña,0.034432
demo:DE20,0.11275,0,0.0081809,0.00080858,DE20,108,Frankfurt am Main,Munich,0.031543
demo:CH14,0.11248,0,0.0055913,0.00090926,CH14,52,Basel,Milan,0.031467
demo:AT14,0.11003,0,0.0017039,0.00093479,AT14,28,Munich,Zagreb,0.030784
demo:FR23,0.10564,0,0.00065322,0.00035117,FR23,80,Paris,Luxembourg,0.029555
demo:PL13,0.10077,0.0022583,0.0014841,0.0014841,PL13,108,Warsaw,Białystok,0.028191
demo:IT06,0.10035,0,0.0042289,0.00058007,IT06,188,Milan,Venice,0.028076
demo:NL07,0.099866,0.0051313,0.0023573,0.0011622,NL07,428,Amsterdam,Enschede,0.027939
demo:PL12,0.099526,0.0035356,0.00072647,0.00072878,PL12,132,Warsaw,Lublin,0.027844
demo:NL08,0.098581,0.0046229,0.0022382,0.0015635,NL08,216,Amsterdam,Groningen,0.027579
demo:NL06,0.096545,0.0056076,0.0021142,0.0015095,NL06,428,Amsterdam,Nijmegen,0.02701
demo:NL11,0.092822,0,0.0057459,0.0010719,NL11,428,Utrecht,Rotterdam,0.025968
demo:FR38,0.092659,0.0018394,0.000747,0.00075028,FR38,108,Paris,Clermont-Ferrand,0.025923
demo:IT15,0.091184,0.0016962,0.0011334,0.00043759,IT15,28,Rome,Siracusa,0.02551
demo:FR29,0.087414,0,0.0017738,4.2702e-05,FR29,94,Paris,Toulouse,0.024455
demo:DE27,0.085948,0.0041229,0.0048931,0.0012247,DE27,94,Rostock,Dresden,0.024045
demo:FR40,0.081367,0.002172,0.00082764,0.00083091,FR40,108,Paris,Cherbourg,0.022764
demo:AT12,0.081138,0,0.0011605,0.00087241,AT12,216,Vienna,Bratislava,0.0227
demo:IT05,0.080146,0,0.0084473,0.00012871,IT05,80,Turin,Venice,0.022422
demo:FR01,0.07954,0,0.0027379,5.5722e-05,FR01,160,Paris,Lyon,0.022253
demo:HU02,0.077845,0.0029058,0.0010984,0.0010999,HU02,216,Budapest,Nyíregyháza,0.021778
demo:ES21,0.077269,0.0020922,0.0029285,0.0010111,ES21,42,Madrid,Pamplona,0.021617
demo:DE28,0.077175,0.0039736,0.0012018,0.0012018,DE28,108,Hamburg,Kiel,0.021591
demo:IT13,0.077149,0.00075891,0.0032927,0.00038272,IT13,80,Rome,Reggio Calabria,0.021584
demo:PL01,0.075723,0,0.0031698,0.00019337,PL01,108,Gdynia,Kraków,0.021185
demo:BE01,0.075166,0,0.0054392,0.00011527,BE01,428,Brussels,Antwerp,0.021029
demo:SE02,0.07513,0,0.0032767,0.00047119,SE02,160,Malmö,Stockholm,0.021019
demo:ES13,0.074884,0.0029596,0.0034728,0.0013378,ES13,28,Madrid,Bilbao,0.02095
demo:PL15,0.074439,0,0.0022042,0.0014581,PL15,28,Warsaw,Vienna,0.020825
demo:BE09,0.074409,0,0.010348,0.0011155,BE09,216,Brussels,Amsterdam,0.020817
demo:FR03,0.073893,0,0.0020568,1.4355e-05,FR03,108,Paris,Marseille,0.020673
demo:FR20,0.072877,0.0042253,0.0015356,0.0015356,FR20,66,Paris,Boulogne-sur-Mer,0.020388
demo:BE06,0.072532,0.0033169,0.00082262,0.00082426,BE06,108,Brussels,Luxembourg,0.020292
demo:DE29,0.072471,0.0045027,0.0027355,0.0022718,DE29,108,Hannover,Emden,0.020275
demo:SE04,0.071139,0.0010505,0.0042729,0.001237,SE04,216,Copenhagen,Gothenburg,0.019902
demo:BE03,0.070223,0,0.0046883,0.00034052,BE03,216,Brussels,Brugge,0.019646
demo:BE02,0.070223,0,0.0046883,0.00034052,BE02,216,Brussels,Ostend,0.019646
demo:FR36,0.067997,0,0.0036192,0.00020326,FR36,94,Paris,Tours,0.019023
demo:ES08,0.067828,0,0.0021395,4.3165e-05,ES08,216,Madrid,Valladolid,0.018976
demo:FR41,0.066377,0,0.0014912,0.00092518,FR41,66,Bordeaux,Marseille,0.01857
demo:HU06,0.065277,0.008535,0.00073492,0.00073526,HU06,14,Budapest,Bucharest,0.018262
demo:GB03,0.065261,0,0.010702,0.00019311,GB03,160,London,Manchester,0.018258
demo:AT03,0.064829,0,0.004491,0.00010659,AT03,108,Vienna,Budapest,0.018137
demo:FR24,0.064784,0,0.00061747,0.00018329,FR24,122,Paris,Nancy,0.018124
demo:PL02,0.061279,0,0.0021902,0.000166,PL02,132,Warsaw,Kraków,0.017144
demo:DE40,0.060996,0.003619,0.0008694,0.00087074,DE40,108,Hamburg,Lübeck,0.017065
demo:HU03,0.057612,0.0026058,0.00083667,0.00084121,HU03,216,Budapest,Szeged,0.016118
demo:NL09,0.051296,0.0034106,0.0026219,0.0011922,NL09,216,Utrecht,Leeuwarden,0.014351
demo:GB22,0.050936,0,0.0045775,0.001739,GB22,216,Liverpool,Newcastle upon Tyne,0.01425
demo:SE03,0.050683,0,0.00030669,0.00030669,SE03,216,Stockholm,Gothenburg,0.014179
demo:PT04,0.049576,0.0041663,0.00060569,0.00061102,PT04,28,Porto,Vigo,0.01387
demo:DE21,0.047187,0,0.0051963,0.00054441,DE21,108,Karlsruhe,Munich,0.013201
demo:PT01,0.047155,0.0025606,0.0007084,0.00071259,PT01,216,Lisbon,Porto,0.013192
demo:SE01,0.046339,0,0.0032767,0.00040621,SE01,80,Copenhagen,Stockholm,0.012964
demo:NL05,0.045785,0.0036729,0.0026552,0.00061757,NL05,428,Schiphol Airport,Maastricht,0.012809
demo:FR32,0.045573,0,0.0021074,7.1589e-05,FR32,188,Paris,Rennes,0.01275
demo:SE05,0.045492,0,0.00304,0.0004327,SE05,644,Copenhagen,Lund,0.012727
demo:GB15,0.042229,0,0.0055389,0.00060216,GB15,428,London,Oxford,0.011814
demo:FR05,0.041773,0,0.0013319,3.8043e-05,FR05,122,Paris,Montpellier,0.011687
demo:FR08,0.041266,0,0.0034224,0.0002935,FR08,80,Paris,Zürich,0.011545
demo:IT14,0.039142,0,0.0010027,0.00049503,IT14,66,Rome,Bolzano,0.010951
demo:FR18,0.038918,0,0.0012164,6.4615e-05,FR18,240,Paris,Lille,0.010888
demo:DE17,0.038623,0,0.0049965,0.00033498,DE17,216,Köln,Frankfurt am Main,0.010805
demo:IT07,0.038547,0,0.0030254,0.0024867,IT07,132,Milan,Genoa,0.010784
demo:FR42,0.038202,0,0.00071094,0.00039365,FR42,160,Lyon,Geneva,0.010688
demo:CH01,0.037768,0,0.0018852,0.00043433,CH01,428,Geneve-Aeroport,Sankt Gallen,0.010566
demo:PL08,0.037751,0,0.004915,0.0006298,PL08,80,Warsaw,Wrocław,0.010561
demo:NL10,0.036241,0,0.0028187,0.00131,NL10,216,Utrecht,Groningen,0.010139
demo:AT11,0.036062,0,0.00094239,5.9734e-05,AT11,108,Vienna,Prague,0.010089
demo:FR04,0.035459,0,0.0015521,0.00020548,FR04,80,Paris,Nice,0.0099202
demo:NJ01,0.034805,0,0.0087162,0.00089871,NJ01,14,Vienna,Amsterdam,0.0097373
demo:IT20,0.03363,0,0.0030254,0.0024765,IT20,52,Milan,Ventimiglia,0.0094085
demo:FR10,0.032042,0,0.00062423,7.1215e-05,FR10,108,Paris,Geneva,0.0089643
demo:PL03,0.031619,0,0.0014284,0.00027375,PL03,80,Gdynia,Katowice,0.008846
demo:IT10,0.030673,0,0.0006225,0.00040692,IT10,216,Florence,Pisa,0.0085811
demo:GB26,0.028115,0,0.0010393,0.00015006,GB26,216,Edinburgh,Aberdeen,0.0078656
demo:IT16,0.027771,0.0026392,0.0004208,0.0004208,IT16,132,Mestre,Trieste,0.0077694
demo:GB19,0.027753,0,0.00097958,0.00095824,GB19,856,Edinburgh,Glasgow,0.0077642
demo:FR47,0.027347,0,0.0018609,0.00059274,FR47,216,Strasbourg,Basel,0.0076507
demo:IT08,0.027242,0,0.00080267,6.4024e-05,IT08,108,Turin,Genoa,0.0076215
demo:PL09,0.027175,0.0044415,0.0013572,0.0013589,PL09,160,Kraków,Wrocław,0.0076027
demo:IT12,0.027046,0,0.00059912,0.00043023,IT12,80,Rome,Bari,0.0075665
demo:FR07,0.026967,0,0.0016093,0.00026551,FR07,80,Paris,Mulhouse,0.0075445
demo:GB23,0.026204,0,0.0025429,0.00036145,GB23,216,Manchester Airport,York,0.007331
demo:FR02,0.025821,0,0.0033129,1.5128e-05,FR02,80,Paris,Marseille,0.0072239
demo:FR21,0.024042,0,0.0021481,2.3324e-05,FR21,132,Paris,Strasbourg,0.0067261
demo:PL11,0.02298,0,0.0026119,0.0012531,PL11,52,Wrocław,Szczecin,0.0064289
demo:CH07,0.0217,0,0.00044324,0.00011174,CH07,122,Zürich,Milan,0.0060708
demo:DK02,0.021619,0.001607,0.0013816,0.00092867,DK02,216,Copenhagen,Aalborg,0.0060484
demo:RO02,0.020572,0.0013107,0.0006673,0.00066763,RO02,132,Bucharest,Constanţa,0.0057554
demo:FR09,0.020249,0,0.0013217,3.245e-05,FR09,52,Paris,Lausanne,0.005665
demo:DE37,0.020101,0,0.00047986,0.00021779,DE37,80,Munich,Prague,0.0056236
demo:SE07,0.019054,0,0.00096617,0.00046104,SE07,42,Stockholm,Oslo,0.0053306
demo:PL06,0.018978,0,0.00073202,1.5777e-05,PL06,160,Warsaw,Poznań,0.0053093
demo:FR06,0.018201,0,0.0016078,2.2932e-05,FR06,52,Paris,Perpignan,0.005092
demo:FI01,0.018105,0,0.00055899,0.00015518,FI01,320,Helsinki,Tampere,0.0050653
demo:IT09,0.017588,0.002004,0.0001592,0.0001592,IT09,66,Genoa,Rome,0.0049206
demo:NL04,0.016758,0,0.0022399,0.00011283,NL04,428,Amsterdam,Eindhoven,0.0046882
demo:FR43,0.016617,0,0.00025422,0.00010014,FR43,216,Lyon,Grenoble,0.0046489
demo:CH03,0.016413,0,0.0014156,0.00027177,CH03,428,Basel,Zürich,0.0045919
demo:CZ04,0.016032,0,0.0017981,0.0011323,CZ04,80,Prague,Budapest,0.0044851
demo:NJ03,0.015904,0,0.0026556,3.6057e-05,NJ03,14,Zürich,Hamburg,0.0044494
demo:SE06,0.015238,0,0.00016096,0.0001481,SE06,52,Gothenburg,Oslo,0.004263
demo:PL04,0.015205,0.0022109,0.00071042,0.00038494,PL04,80,Warsaw,Bielsko-Biala,0.0042538
demo:HU01,0.01447,0,0.00073073,0.00055985,HU01,216,Budapest,Miskolc,0.0040481
demo:FR46,0.01423,0,0.00025084,0.00012457,FR46,132,Lyon,Dijon,0.0039809
demo:CH06,0.01356,0,0.0012787,0.00013447,CH06,216,Basel,Brig,0.0037938
demo:CH05,0.01356,0,0.0012787,0.00013447,CH05,216,Basel,Interlaken Ost,0.0037938
demo:PL14,0.013461,0.0034391,0.00017241,0.00017445,PL14,108,Kraków,Przemyśl,0.0037659
demo:FI03,0.013388,0.00049487,0.00057633,0.00057633,FI03,216,Helsinki,Turku,0.0037456
demo:FR27,0.013273,0,0.0012981,0,FR27,160,Paris,Bordeaux,0.0037132
demo:SE11,0.013007,0.00026724,0.000115,0.000115,SE11,14,Stockholm,Luleå,0.0036389
demo:FR12,0.01265,0,0.00049245,5.6242e-06,FR12,94,Paris,Grenoble,0.0035391
demo:NJ04,0.012626,0,0.0025884,0.00081206,NJ04,14,Zürich,Amsterdam,0.0035322
demo:AT06,0.01256,0,0.00052371,9.095e-05,AT06,66,Zürich,Vienna,0.0035138
demo:GB25,0.012069,0,0.00057639,0.00057639,GB25,216,Glasgow,Aberdeen,0.0033764
demo:HU05,0.012033,0.0012029,7.5573e-05,7.5573e-05,HU05,14,Budapest,Zagreb,0.0033665
demo:CH13,0.011891,0,0.00025313,5.4984e-05,CH13,42,Geneva,Milan,0.0033267
demo:SE10,0.011566,0,0.000514,1.2482e-05,SE10,160,Stockholm,Örebro,0.0032357
demo:DK01,0.011039,0,0.0010653,0.00072166,DK01,428,Copenhagen,Århus,0.0030885
demo:FI02,0.010806,8.3139e-05,0.00061964,6.0654e-05,FI02,132,Helsinki,Oulu,0.0030233
demo:FR45,0.010706,0,0.00058626,0.00017628,FR45,108,Marseille,Nice,0.002995
demo:IE01,0.010527,0.00022893,0.00020129,0.00020129,IE01,240,Dublin,Cork,0.0029451
demo:AT10,0.010371,0.0014417,9.3578e-05,9.3578e-05,AT10,108,Vienna,Villach,0.0029013
demo:SE08,0.0097586,0,0.00025501,8.0972e-05,SE08,428,Stockholm,Uppsala,0.0027301
demo:CZ01,0.0094916,0,0.00027699,5.2075e-05,CZ01,320,Prague,Ostrava,0.0026554
demo:IT17,0.0093461,0,0.00021783,9.3634e-05,IT17,108,Mestre,Udine,0.0026147
demo:FR34,0.0089026,0,0.0021074,3.5776e-05,FR34,80,Paris,Quimper,0.0024906
demo:HU04,0.0084387,0.0017397,7.6062e-05,7.6062e-05,HU04,108,Budapest,Pécs,0.0023608
demo:FR53,0.0081186,0,0.0011223,0,FR53,42,Brussels,Marseille,0.0022713
demo:CZ02,0.0079289,0,0.00060795,0,CZ02,108,Prague,Brno,0.0022182
demo:AT02,0.0077252,0,0.0007731,2.6522e-05,AT02,52,Munich,Vienna,0.0021612
demo:PL07,0.007435,0,0.00047176,1.5777e-05,PL07,108,Poznań,Szczecin,0.0020801
demo:AT09,0.0073623,0,0.0002706,5.0983e-05,AT09,216,Vienna,Graz,0.0020597
demo:AT07,0.0072767,0,0.0010773,6.2904e-05,AT07,108,Vienna,Innsbruck,0.0020358
demo:NJ08,0.0072483,0,0.003689,0,NJ08,6,Brussels,Prague,0.0020278
demo:FR26,0.0072066,0,0.0021481,0,FR26,52,Paris,Colmar,0.0020161
demo:FR14,0.0067879,0,0.00057499,0,FR14,66,Lille,Marseille,0.001899
demo:FR55,0.0065639,0,0.0016298,0,FR55,14,Paris,Toulouse,0.0018364
demo:AT04,0.0063909,0,0.0011168,3.9213e-06,AT04,216,Salzburg,Vienna,0.001788
demo:GB31,0.0063288,0,0.0037734,1.1074e-05,GB31,12,London,Penzance,0.0017706
demo:NL13,0.0062059,0,0.00082485,0.00046756,NL13,216,The Hague,Utrecht,0.0017362
demo:FR22,0.0058278,0,0.0021481,0,FR22,42,Paris,Strasbourg,0.0016304
demo:GB29,0.0055445,0,0.0025852,0,GB29,12,London,Glasgow,0.0015511
demo:DE39,0.005057,0,0.002073,4.796e-05,DE39,80,Munich,Nuremberg,0.0014148
demo:FR48,0.0049651,0,0.0001147,9.68e-05,FR48,132,Strasbourg,Nancy,0.0013891
demo:ES15,0.0048837,0,0.00019204,4.0148e-05,ES15,160,Barcelona,Figueres,0.0013663
demo:CH04,0.0047779,0,0.0014156,0.0002324,CH04,216,Basel,Chur,0.0013367
demo:SK02,0.0045964,0,0.00085957,2.0029e-06,SK02,42,Košice,Budapest,0.0012859
demo:IT19,0.0045072,0,0,0,IT19,14,Milan,Palermo,0.0012609
demo:NL03,0.0044323,0,0.00057166,0.00010814,NL03,428,Amsterdam,The Hague,0.00124
demo:DE24,0.0042755,0,0.00013714,7.3155e-06,DE24,108,Stuttgart,Zürich,0.0011961
demo:FR56,0.0040128,0,0.0026431,0,FR56,14,Paris,Nice,0.0011226
demo:DE33,0.0039451,0,0.0022259,0,DE33,42,Paris,Stuttgart,0.0011037
demo:FR51,0.0039301,0,0.00057499,0,FR51,28,Rennes,Marseille,0.0010995
demo:IT02,0.0034255,0,0,0,IT02,160,Milan,Rome,0.00095835
demo:IT18,0.0033037,0,0.00014804,2.1301e-06,IT18,80,Messina,Palermo,0.00092427
demo:DE25,0.0032137,0,0.00054108,4.4975e-05,DE25,80,Munich,Zürich,0.00089908
demo:CH02,0.0028798,0,0.00061373,1.1991e-05,CH02,216,Geneva,Zürich,0.00080568
demo:NJ06,0.0024806,0,0.00042161,0,NJ06,14,Munich,Rome,0.00069397
demo:PL16,0.0023289,0,0.00040769,0.0001307,PL16,42,Katowice,Prague,0.00065154
demo:AT05,0.00178,0,0.0011168,0,AT05,160,Salzburg,Vienna,0.00049798
demo:CH15,0.0017649,0,0.00042787,1.1268e-05,CH15,216,Bern,Winterthur,0.00049375
demo:FR16,0.001713,0,7.7865e-05,0,FR16,52,Lille,Rennes,0.00047924
demo:FR15,0.0016502,0,9.168e-05,0,FR15,52,Lille,Bordeaux,0.00046168
demo:FI05,0.0015361,0.00011543,4.3825e-05,4.3825e-05,FI05,108,Helsinki,Kuopio,0.00042974
demo:GR01,0.0013733,0.00032012,0.00013479,0.00013479,GR01,80,Athens,Thessaloníki,0.00038421
demo:GB28,0.001343,0,0,0,GB28,12,London,Edinburgh,0.00037572
demo:PT03,0.0013126,0.00087698,7.0331e-05,7.0331e-05,PT03,108,Porto,Braga,0.00036722
demo:DK03,0.0012937,0,0.00058598,0,DK03,216,Copenhagen,Esbjerg,0.00036193
demo:AT13,0.00096548,0,0.0002706,5.3591e-07,AT13,28,Vienna,Ljubljana,0.00027011
demo:IE02,0.00091037,0.00078948,0.00074259,0.00074259,IE02,160,Dublin,Belfast,0.00025469
demo:RO01,0.00085781,0.00058183,3.5914e-05,3.5914e-05,RO01,132,Bucharest,Braşov,0.00023998
demo:NJ07,0.00079761,0,0.00020988,0,NJ07,14,Vienna,Zürich,0.00022314
demo:SE09,0.00075993,0,0.00025501,9.9666e-07,SE09,108,Stockholm,Sundsvall,0.0002126
demo:SK01,0.00050957,0,2.7694e-05,3.494e-05,SK01,132,Bratislava,Košice,0.00014256
demo:GB24,0.00049919,0,8.2527e-05,0,GB24,428,Manchester,Sheffield,0.00013966
demo:NJ05,0.00040709,0,0,0,NJ05,14,Vienna,Rome,0.00011389
demo:FI06,0.00039978,0,6.6257e-06,6.6257e-06,FI06,108,Tampere,Turku,0.00011184
demo:CZ03,0.00038229,0,1.6021e-05,1.6021e-05,CZ03,216,Prague,Pilsen,0.00010695
demo:FR17,0.00035759,0,7.9263e-05,0,FR17,42,Lille,Nantes,0.00010004
demo:NO02,0.00028476,0.00058145,3.612e-06,3.612e-06,NO02,66,Oslo,Trondheim,7.9665e-05
demo:CH12,0.00026408,0,0.00011258,0,CH12,216,Geneva,Brig,7.3881e-05
demo:FR50,0.00018526,0,7.9263e-05,0,FR50,42,Nantes,Lyon,5.183e-05
demo:SE12,0.0001155,0,0,0,SE12,8,Stockholm,Hamburg,3.2314e-05
demo:NO01,1.1913e-05,0.0013188,3.905e-06,0,NO01,66,Oslo,Bergen,3.333e-06
demo:NO03,1.1913e-05,0.0017781,3.905e-06,0,NO03,52,Oslo,Stavanger,3.333e-06
demo:BE07,0,0,0,0,BE07,216,Antwerp,Gent,0
demo:BG02,0,0.00039174,0,0,BG02,42,Sofia,Burgas,0
demo:BE08,0,0,0,0,BE08,216,Brussels,Mons,0
demo:CH11,0,0,0,0,CH11,216,Bern,Luzern,0
demo:CH10,0,0,0,0,CH10,428,Zürich,Luzern,0
demo:PT02,0,0,0,0,PT02,66,Lisbon,Faro,0
demo:NO04,0,0,0,0,NO04,28,Trondheim,Bodø,0
demo:BG03,0,0.0002021,0,0,BG03,42,Sofia,Varna,0
demo:BG01,0,0,0,0,BG01,80,Sofia,Plovdiv,0
demo:CH09,0,0,0,0,CH09,216,Zürich,Lugano,0
demo:CH08,0,0,0,0,CH08,216,Basel,Lugano,0
demo:ES18,0,0,0,0,ES18,188,Madrid,Toledo,0
demo:FI04,0,0,0,0,FI04,108,Helsinki,Lappeenranta,0
demo:FR19,0,0,0,0,FR19,80,Paris,Valenciennes,0
demo:RO03,0,0.0014505,0,0,RO03,80,Bucharest,Craiova,0
demo:FR13,0,0,0,0,FR13,66,Paris,Annecy,0
demo:RS01,0,0,0,0,RS01,428,Belgrade,Novi Sad,0
demo:FR31,0,0,0,0,FR31,66,Paris,La Rochelle,0
demo:FR49,0,0,0,0,FR49,320,Metz,Luxembourg,0
demo:FR54,0,0,0,0,FR54,42,Bordeaux,Nantes,0
demo:GB06,0,0,0,0,GB06,80,London,Holyhead,0
demo:HR02,0,0,0,0,HR02,52,Zagreb,Ljubljana,0
demo:GB27,0,0,0,0,GB27,108,Glasgow,Inverness,0
demo:FR58,0,0,0,0,FR58,216,Nice,Ventimiglia,0
demo:FR57,0,0,0,0,FR57,14,Paris,Briancon,0
demo:GB30,0,0,0,0,GB30,12,London,Inverness,0
demo:IE03,0,0,0,0,IE03,132,Dublin,Galway,0
demo:IE04,0,0.00016255,0,0,IE04,108,Dublin,Limerick,0
demo:IE05,0,0,0,0,IE05,94,Dublin,Waterford,0
demo:SI01,0,0,0,0,SI01,160,Ljubljana,Maribor,0
demo:DE23,0,0,0,0,DE23,108,Stuttgart,Nuremberg,0
demo:CZ05,0,0,0,0,CZ05,108,Prague,České Budějovice,0
demo:HR01,0,0.0010847,0,0,HR01,28,Zagreb,Split,0
demo:NL01,0,0,0,0,NL01,428,Amsterdam,Rotterdam,0
demo:NJ02,-0.0061478,0,0.0018098,-7.3663e-05,NJ02,14,Vienna,Hamburg,-0.0017199
demo:FR52,-0.00729,0,0.00063121,-5.4173e-05,FR52,42,Strasbourg,Marseille,-0.0020395
demo:DE03,-0.03452,0,0,-0.00055382,DE03,52,Hamburg,Berlin,-0.0096576
