name_a,name_b,dist_km,journey_min,expected_journey_min,excess_min,trains_needed,trains_per_week,score
London,Oslo,1153,1558,851.2,706.8,5,0,0.217
Budapest,Kraków,292.5,633,347,286,3,0,0.2001
Vienna,Zagreb,267.9,605,329.1,275.9,2,0,0.1816
Prague,Wrocław,216,515,286.5,228.5,2,0,0.1616
Copenhagen,Berlin,354.7,497,382,115,2,0,0.152
Palermo,Rome,426,767.8,340.4,427.3,1,14,0.1489
Rome,Bucharest,1137,1891,869.9,1021,3,0,0.1447
Kraków,Košice,177.7,838.9,264.3,574.6,4,0,0.1407
Copenhagen,Szczecin,280.8,929,352.7,576.3,4,0,0.1404
Copenhagen,Rostock,178.6,717,262.9,454.1,3,0,0.1371
Rostock,Hamburg,153.1,352,173.7,178.3,2,0,0.1252
London,Bergen,1044,2053,835.3,1218,6,0,0.124
Copenhagen,London,955.2,991.9,742.8,249.1,4,0,0.1188
Bucharest,Warsaw,944.7,1553,772.3,780.7,3,0,0.1176
Nice,Turin,155.7,463.8,236.3,227.5,2,0,0.1147
Berlin,Bucharest,1295,1617,939.4,677.7,3,0,0.1094
Trieste,Zagreb,171.8,825.9,261.2,564.7,4,0,0.1091
Rome,Pescara,153,391.9,176,215.9,2,0,0.1077
London,Stockholm,1433,1360,979.7,380.3,4,0,0.1059
London,Le Havre,224.7,357.4,285.9,71.45,2,0,0.09927
