u,v,trains_per_week,trips,time_min,time_median,dist_km,speed_kmh
city:2263480,city:2267057,216,60,40.000,40.000,69.323,103.984
city:2263480,city:2268575,216,60,12.000,13.000,32.043,147.892
city:2267057,city:2268339,66,18,190.000,190.000,217.984,68.837
city:2268575,city:2740637,216,60,42.000,43.000,82.402,114.980
city:2509463,city:2518559,52,14,18.000,18.000,44.106,147.020
city:2509463,city:2521978,132,36,22.000,23.000,46.618,121.611
city:2509463,city:2522258,184,50,22.000,23.000,94.569,246.702
city:2509954,city:2519752,160,44,28.000,28.000,63.530,136.136
city:2509954,stn:demo:S0541,240,66,22.000,23.000,64.990,169.538
city:2510409,city:3117735,188,52,32.000,33.000,67.791,123.257
city:2510911,city:2516326,132,36,60.000,60.000,78.772,78.772
city:2510911,city:2519240,240,66,42.000,43.000,119.885,167.282
city:2512177,city:2519240,240,66,38.000,38.000,105.822,167.087
city:2512177,city:2519402,240,66,12.000,13.000,36.672,169.255
city:2513076,city:2513416,52,14,13.000,13.000,19.588,90.405
city:2513076,city:2518559,52,14,13.000,13.000,28.981,133.758
city:2514256,stn:demo:S0028,160,44,24.000,25.000,38.917,93.401
city:2516326,city:2520600,132,36,32.000,33.000,22.407,40.740
city:2517117,stn:demo:S0028,66,18,58.000,58.000,89.432,92.516
city:2519240,city:3117735,226,62,104.000,105.000,295.531,168.875
city:2519240,stn:demo:S0028,226,62,28.000,28.000,95.936,205.577
city:2519402,city:3117735,240,66,50.000,50.000,160.212,192.254
city:2519752,city:3108288,160,44,82.000,83.000,166.877,120.634
city:2522258,city:3124132,184,50,32.000,33.000,121.590,221.073
city:2523083,city:2525068,28,8,68.000,68.000,50.140,44.241
city:2523630,stn:demo:S0676,80,22,18.000,18.000,12.253,40.845
city:2523920,city:2524170,94,24,190.000,190.000,191.585,60.500
city:2524170,city:2525068,28,8,88.000,88.000,88.773,60.527
city:2524170,stn:demo:S0676,42,10,58.000,58.000,7.887,8.159
city:258576,city:264371,80,22,180.000,180.000,215.092,71.697
city:258576,city:734077,80,22,72.000,73.000,120.735,99.234
city:2610613,city:2619771,428,118,15.000,15.000,25.892,103.568
city:2610613,city:2621951,644,178,10.000,11.000,20.981,114.440
city:2610613,city:2624652,216,60,42.000,42.000,65.143,93.062
city:2614481,city:2615876,710,196,48.000,51.000,109.958,129.363
city:2614481,city:2618425,710,196,22.000,22.000,30.674,83.656
city:2615006,city:2624652,216,60,26.000,26.000,35.469,81.851
city:2615006,city:2624886,216,60,52.000,53.000,65.698,74.375
city:2615876,city:2616933,644,178,18.000,18.000,43.244,144.146
city:2615876,city:2618425,216,60,74.000,75.000,140.486,112.389
city:2615876,city:2621951,282,78,28.000,28.000,44.283,94.892
city:2616933,city:2618528,216,60,12.000,13.000,16.365,75.531
city:2616933,city:2621951,428,118,8.000,8.000,6.789,50.919
city:2618425,city:2692969,8,2,58.000,58.000,28.401,29.380
city:2618425,city:2911298,8,2,388.000,388.000,288.546,44.620
city:2618425,stn:demo:S0313,940,260,12.000,13.000,7.316,33.764
city:2618528,city:2621951,66,18,10.000,10.000,19.533,117.196
city:2618528,city:2622447,216,60,52.000,53.000,64.330,72.826
city:2618528,stn:demo:S0490,66,18,48.000,48.000,74.215,92.768
city:2619771,stn:demo:S0589,428,118,11.000,11.000,19.967,108.910
city:2624652,stn:demo:S0589,428,118,15.000,15.000,22.016,88.062
city:2633352,city:2641731,428,118,36.000,36.000,100.620,167.700
city:2633352,city:2644688,620,172,22.000,23.000,35.366,92.260
city:2633352,city:2651513,832,230,23.000,23.000,69.955,182.492
city:2633691,city:2636841,188,52,30.000,30.000,46.744,93.488
city:2633691,city:2655603,188,52,16.000,16.000,19.017,71.313
city:2633709,city:2643743,428,118,25.000,25.000,36.695,88.069
city:2633709,city:2656192,428,118,18.000,18.000,37.261,124.202
city:2633858,city:2637487,428,118,13.000,13.000,18.897,87.217
city:2633858,city:2656192,428,118,13.000,13.000,27.248,125.760
city:2633883,city:2643123,160,44,18.000,18.000,17.009,56.695
city:2633883,city:2652002,160,44,18.000,18.000,29.168,97.226
city:2633948,city:2634739,188,52,10.000,10.000,17.144,102.862
city:2633948,city:2639912,188,52,10.000,11.000,24.848,135.536
city:2633954,city:2644210,216,60,18.000,18.000,17.059,56.864
city:2633954,city:2652002,216,60,18.000,18.000,35.217,117.389
city:2634739,city:2643743,188,52,110.000,110.000,267.464,145.889
city:2634910,city:2644688,428,118,13.000,13.000,13.009,60.043
city:2634910,city:2651123,428,118,18.000,18.000,30.053,100.176
city:2636177,city:2639577,216,60,78.000,78.000,156.314,120.241
city:2636177,city:2649808,216,60,20.000,20.000,44.013,132.040
city:2636389,city:2639577,432,120,28.000,28.000,57.191,122.553
city:2636389,city:2651269,428,118,13.000,13.000,37.677,173.895
city:2636389,city:2653144,428,118,13.000,13.000,26.153,120.708
city:2636389,city:2654675,432,120,22.000,23.000,57.585,150.221
city:2636432,city:2653822,216,60,52.000,53.000,55.046,62.316
city:2636841,city:2636882,188,52,28.000,28.000,45.143,96.735
city:2636841,city:2643266,320,88,15.000,15.000,28.752,115.010
city:2636841,city:2643743,320,88,85.000,85.000,217.493,153.524
city:2636882,city:2638077,428,118,40.000,40.000,45.959,68.939
city:2636882,city:2643123,936,258,8.000,8.000,9.516,71.370
city:2636882,city:2643266,320,88,14.000,14.000,16.765,71.851
city:2636910,city:2640358,324,90,28.000,28.000,43.792,93.839
city:2636910,city:2648579,324,90,30.000,30.000,34.569,69.138
city:2636940,city:2640354,428,118,23.000,23.000,74.720,194.921
city:2636940,city:2643743,428,118,22.000,22.000,44.097,120.266
city:2637142,city:2642465,216,60,46.000,46.000,125.370,163.526
city:2637142,city:2652002,216,60,12.000,13.000,39.164,180.755
city:2637487,city:2639577,188,52,42.000,43.000,68.433,95.488
city:2637487,city:2655095,616,170,28.000,28.000,39.128,83.846
city:2638077,city:2644688,188,52,38.000,38.000,46.297,73.101
city:2638077,city:2653225,216,60,10.000,10.000,15.143,90.858
city:2638077,city:2655603,188,52,62.000,63.000,104.381,99.410
city:2639577,city:2640729,616,170,22.000,28.000,38.341,82.159
city:2639577,city:2643743,1516,418,24.000,25.000,58.829,141.189
city:2639577,city:2649808,12,2,218.000,218.000,196.236,54.010
city:2639577,city:2651269,428,118,13.000,13.000,25.317,116.849
city:2639912,city:2644972,188,52,12.000,13.000,32.155,148.409
city:2640085,city:2641581,160,44,18.000,18.000,28.071,93.569
city:2640085,city:2655984,160,44,28.000,28.000,38.674,82.874
city:2640194,city:2640377,228,62,122.000,123.000,103.044,50.266
city:2640194,city:2641557,216,60,42.000,43.000,41.467,57.860
city:2640194,city:2649808,200,54,78.000,88.000,58.516,39.897
city:2640354,city:2641731,428,118,28.000,28.000,66.835,143.217
city:2640354,city:2643743,428,118,45.000,45.000,118.729,158.305
city:2640354,city:2648208,428,118,19.000,19.000,45.989,145.229
city:2640358,city:2643743,12,2,560.000,560.000,584.677,62.644
city:2640358,city:2646088,120,32,128.000,143.000,129.755,54.443
city:2640358,city:2650752,216,60,18.000,18.000,29.245,97.484
city:2640416,city:2645826,188,52,22.000,23.000,37.698,98.344
city:2640416,city:2653775,188,52,12.000,13.000,28.006,129.258
city:2640729,city:2644737,188,52,32.000,33.000,61.958,112.650
city:2641170,city:2644668,216,60,32.000,33.000,35.049,63.726
city:2641181,city:2646057,428,118,48.000,48.000,63.973,79.966
city:2641557,city:2649808,216,60,20.000,21.000,22.487,64.248
city:2641581,city:2964540,160,44,12.000,13.000,20.501,94.620
city:2641598,city:2653822,432,120,12.000,13.000,17.361,80.126
city:2641598,city:2654675,432,120,18.000,18.000,31.457,104.856
city:2641673,city:2650225,616,170,90.000,90.000,147.634,98.423
city:2641673,city:2650628,832,230,12.000,13.000,21.989,101.488
city:2642465,city:2643743,804,222,32.000,32.000,73.446,137.711
city:2642465,city:2652002,160,44,60.000,61.000,163.613,160.931
city:2642465,city:2652221,428,118,26.000,26.000,65.573,151.323
city:2643123,city:2644210,216,60,38.000,38.000,49.661,78.412
city:2643123,city:2646458,432,120,24.000,26.000,35.290,81.438
city:2643123,stn:demo:S0405,216,60,16.000,17.000,13.106,46.255
city:2643743,city:2644668,432,120,64.000,65.000,143.234,132.216
city:2643743,city:2648182,42,12,18.000,18.000,31.434,104.779
city:2643743,city:2648579,12,2,455.000,455.000,555.384,73.237
city:2643743,city:2650225,12,2,440.000,440.000,533.663,72.772
city:2643743,city:2652002,80,22,94.000,95.000,236.677,149.480
city:2643743,city:2652618,428,118,50.000,50.000,82.644,99.173
city:2643743,city:2800866,52,14,116.000,116.000,320.315,165.680
city:2643743,city:2988507,132,36,136.000,137.000,343.771,150.557
city:2643743,city:2998324,80,22,82.000,82.000,242.567,177.488
city:2643743,stn:demo:S0235,428,118,30.000,30.000,39.221,78.441
city:2644668,city:2651347,216,60,22.000,23.000,39.201,102.262
city:2644688,city:2646458,432,120,20.000,22.000,22.594,61.621
city:2644737,city:2655603,188,52,24.000,25.000,33.773,81.056
city:2644972,city:2645826,188,52,12.000,13.000,31.355,144.718
city:2645298,city:2650225,216,60,34.000,35.000,18.461,31.648
city:2645298,city:2650752,216,60,42.000,43.000,40.805,56.937
city:2646057,city:2652618,428,118,13.000,13.000,25.560,117.970
city:2648182,city:2998324,42,12,63.000,63.000,212.508,202.389
city:2648208,city:2651123,428,118,30.000,30.000,75.384,150.767
city:2648579,city:2650225,856,236,50.000,50.000,66.839,80.207
city:2648579,city:2653775,188,52,62.000,63.000,136.312,129.821
city:2649808,city:2654675,188,52,58.000,58.000,104.138,107.729
city:2650628,city:2651513,832,230,14.000,15.000,28.120,112.482
city:2650752,city:2657215,216,60,18.000,18.000,25.972,86.572
city:2650752,city:2657832,216,60,68.000,68.000,92.057,81.227
city:2651347,city:2653225,216,60,18.000,18.000,36.606,122.020
city:2652002,city:2653228,80,22,20.000,21.000,31.749,90.710
city:2652221,stn:demo:S0080,428,118,8.000,8.000,15.284,114.630
city:2653144,city:2656173,428,118,13.000,13.000,18.953,87.477
city:2653228,city:2656397,80,22,70.000,70.000,82.510,70.723
city:2654675,city:2655603,188,52,88.000,88.000,123.689,84.333
city:2654675,city:2656173,428,118,13.000,13.000,18.569,85.705
city:2654710,stn:demo:S0235,428,118,28.000,28.000,36.516,78.249
city:2655603,stn:demo:S0080,428,118,10.000,10.000,12.284,73.705
city:2656397,stn:demo:S0284,80,22,32.000,33.000,34.697,63.085
city:2657215,city:2657832,216,60,42.000,43.000,71.074,99.173
city:2657896,city:2657908,338,94,22.000,22.000,21.739,59.288
city:2657896,city:2657970,80,22,12.000,13.000,20.256,93.491
city:2657896,city:2658761,108,30,38.000,38.000,37.315,58.919
city:2657896,city:2659297,216,60,38.000,38.000,48.748,76.971
city:2657896,city:2659811,428,118,41.000,41.000,39.685,58.075
city:2657896,city:2661552,644,178,56.000,56.000,95.478,102.297
city:2657896,city:2661604,752,204,48.000,53.000,76.458,86.556
city:2657896,stn:demo:S0570,296,80,58.000,63.000,76.555,72.909
city:2657896,stn:demo:S0712,644,178,10.000,10.000,9.358,56.147
city:2657908,stn:demo:S0039,338,94,14.000,14.000,13.860,59.401
city:2657941,city:2659496,216,60,14.000,14.000,32.367,138.715
city:2657941,city:2659994,216,60,20.000,20.000,29.198,87.594
city:2657970,city:2658822,508,140,32.000,33.000,49.747,90.450
city:2657970,stn:demo:S0712,644,178,12.000,13.000,13.612,62.824
city:2658145,city:2659601,216,60,4.000,5.000,6.184,74.205
city:2658145,city:2659994,216,60,12.000,12.000,17.169,85.843
city:2658377,city:2661552,216,60,18.000,18.000,25.592,85.306
city:2658377,stn:demo:S0596,216,60,8.000,8.000,8.503,63.776
city:2658564,city:2659297,216,60,22.000,23.000,31.821,83.010
city:2658564,city:2661513,216,60,12.000,13.000,23.366,107.845
city:2658576,city:2658606,216,60,8.000,8.000,15.588,116.910
city:2658576,city:2659601,42,12,38.000,38.000,41.058,64.828
city:2658576,city:2659748,216,60,12.000,13.000,25.836,119.244
city:2658576,stn:demo:S0679,42,12,23.000,23.000,41.141,107.325
city:2658606,stn:demo:S0679,216,60,12.000,13.000,26.617,122.846
city:2658761,city:2831924,108,30,13.000,13.000,16.838,77.715
city:2658822,city:2781503,80,22,28.000,28.000,29.342,62.877
city:2659297,city:2659811,216,60,32.000,33.000,45.127,82.049
city:2659297,city:2661552,432,120,28.000,28.000,56.440,120.943
city:2659297,city:2661604,648,180,24.000,25.000,33.951,81.483
city:2659496,city:2661513,216,60,14.000,15.000,28.822,115.289
city:2659601,city:2659994,42,12,18.000,18.000,23.245,77.485
city:2659601,stn:demo:S0010,216,60,8.000,9.000,13.412,89.413
city:2659748,stn:demo:S0010,216,60,14.000,15.000,25.343,101.371
city:2659811,city:2661552,216,60,60.000,60.000,66.123,66.123
city:2659811,stn:demo:S0039,216,60,22.000,23.000,18.362,47.900
city:2659836,city:2661567,554,154,14.000,15.000,20.785,83.140
city:2659836,city:3178229,122,34,28.000,28.000,24.388,52.260
city:2659994,city:2660646,902,250,36.000,36.000,51.135,85.225
city:2659994,city:2660718,428,118,43.000,43.000,50.789,70.869
city:2659994,stn:demo:S0660,52,14,32.000,32.000,29.169,54.692
city:2660646,city:2996944,160,44,110.000,110.000,112.235,61.219
city:2660646,stn:demo:S0061,108,30,22.000,22.000,26.760,72.983
city:2660646,stn:demo:S0241,428,118,7.000,7.000,4.304,36.894
city:2660718,city:2661552,428,118,18.000,18.000,27.737,92.455
city:2661169,stn:demo:S0337,216,60,10.000,10.000,11.427,68.564
city:2661552,city:2661604,52,14,55.000,55.000,68.524,74.753
city:2661552,stn:demo:S0596,268,74,22.000,23.000,34.095,88.944
city:2661567,stn:demo:S0039,554,154,62.000,63.000,101.766,96.920
city:2661604,city:2886242,14,2,418.000,418.000,377.990,54.257
city:2661604,city:2925177,230,62,38.000,38.000,52.926,83.568
city:2661604,city:2991214,296,82,22.000,23.000,28.273,73.757
city:2664454,city:2673730,202,56,54.000,55.000,91.366,99.672
city:2664454,city:2686657,202,56,48.000,53.000,85.069,96.304
city:2664996,city:2708365,216,60,22.000,23.000,60.438,157.663
city:2664996,city:2711537,216,60,58.000,58.000,69.023,71.403
city:2666199,city:2670781,14,2,188.000,188.000,282.163,90.052
city:2666199,city:2673730,122,32,38.000,38.000,63.647,100.495
city:2666199,city:2712414,108,30,40.000,40.000,94.754,142.132
city:2666199,stn:demo:S0034,428,118,18.000,18.000,28.432,94.773
city:2667303,city:2711537,52,14,40.000,40.000,66.850,100.275
city:2667303,city:3154209,52,14,108.000,108.000,107.034,59.463
city:2670781,city:2704613,108,30,53.000,53.000,74.554,84.401
city:2670781,city:602150,14,2,168.000,168.000,218.128,77.903
city:2673730,city:2676176,456,126,22.000,22.000,29.269,79.824
city:2673730,city:2688368,8,2,110.000,110.000,135.552,73.937
city:2673730,stn:demo:S0034,428,118,18.000,18.000,36.405,121.349
city:2676176,city:2688368,240,66,42.000,43.000,106.481,148.578
city:2676176,city:2701223,216,60,36.000,36.000,83.971,139.952
city:2677234,stn:demo:S0267,216,60,28.000,28.000,104.582,224.105
city:2677234,stn:demo:S0282,216,60,28.000,28.000,59.268,127.004
city:2686657,city:2701680,42,12,68.000,68.000,97.308,85.860
city:2688368,city:2692969,8,2,218.000,218.000,383.761,105.622
city:2688368,city:2694762,240,66,22.000,23.000,38.443,100.286
city:2690170,city:2694762,240,66,48.000,48.000,100.320,125.400
city:2690170,stn:demo:S0018,240,66,38.000,38.000,84.238,133.008
city:2692969,city:2693678,1100,304,10.000,10.000,16.412,98.474
city:2692969,stn:demo:S0313,940,260,20.000,20.000,22.248,66.745
city:2693678,city:2706767,216,60,30.000,30.000,49.041,98.082
city:2693678,city:2707399,240,66,24.000,26.000,61.759,142.521
city:2701223,stn:demo:S0267,216,60,32.000,33.000,63.249,114.998
city:2701680,stn:demo:S0040,42,12,43.000,43.000,60.210,84.014
city:2704613,city:2712414,108,30,68.000,68.000,117.096,103.320
city:2706767,city:2708365,216,60,42.000,43.000,70.514,98.391
city:2707399,stn:demo:S0018,240,66,42.000,43.000,95.490,133.242
city:2711537,city:2726756,216,60,12.000,13.000,41.737,192.633
city:2726756,stn:demo:S0282,216,60,12.000,13.000,33.342,153.885
city:2732773,city:2735943,28,8,74.000,74.000,63.334,51.352
city:2732773,city:3105976,28,8,62.000,62.000,60.688,58.730
city:2735943,city:2742032,108,30,55.000,55.000,47.466,51.781
city:2735943,city:2742611,216,60,34.000,35.000,55.983,95.970
city:2740637,city:2742611,216,60,26.000,26.000,52.432,120.998
city:2743477,city:2751738,216,60,22.000,23.000,41.923,109.365
city:2743477,city:2751792,216,60,56.000,56.000,79.092,84.742
city:2743477,city:2759633,432,120,38.000,38.000,62.375,98.487
city:2743477,city:2759821,432,120,34.000,35.000,62.350,106.885
city:2744911,city:2748000,428,118,11.000,11.000,20.558,112.134
city:2744911,city:2756253,428,118,18.000,18.000,26.377,87.923
city:2745912,city:2747351,856,236,26.000,26.000,45.305,104.550
city:2745912,city:2755420,644,178,16.000,18.000,29.477,98.257
city:2745912,city:2759661,550,148,34.000,34.000,55.353,97.681
city:2745912,city:2759794,1406,384,20.000,27.000,35.248,78.329
city:2745912,city:2759821,432,120,14.000,15.000,19.466,77.863
city:2746301,city:2756253,216,60,18.000,18.000,29.637,98.790
city:2746301,city:2758401,216,60,12.000,13.000,22.066,101.842
city:2747203,city:2748000,428,118,13.000,13.000,23.285,107.468
city:2747203,city:2751283,428,118,13.000,13.000,20.937,96.632
city:2747351,city:2756253,856,236,20.000,20.000,31.131,93.394
city:2747373,city:2747891,216,60,22.000,23.000,21.135,55.134
city:2747373,city:2751773,856,236,11.000,11.000,16.085,87.736
city:2747373,city:2755420,216,60,20.000,20.000,28.803,86.409
city:2747373,city:2757345,428,118,6.000,6.000,8.704,87.038
city:2747891,city:2755420,428,118,18.000,18.000,18.870,62.901
city:2747891,city:2756669,428,118,13.000,13.000,18.296,84.441
city:2747891,city:2757345,428,118,10.000,10.000,12.622,75.733
city:2747891,city:2758401,432,120,22.000,24.000,42.576,106.440
city:2747891,city:2759794,58,16,43.000,43.000,57.493,80.222
city:2747891,city:2800866,52,14,69.000,69.000,119.550,103.956
city:2747891,city:2803138,86,24,34.000,35.000,78.253,134.147
city:2747891,stn:demo:S0574,724,200,24.000,24.000,47.160,117.899
city:2750053,city:2759661,428,118,15.000,15.000,15.804,63.217
city:2751738,city:2759879,216,60,12.000,13.000,23.419,108.085
city:2751773,city:2759794,428,118,35.000,35.000,36.108,61.899
city:2751773,stn:demo:S0574,428,118,15.000,15.000,24.857,99.428
city:2754394,city:2756071,428,118,8.000,8.000,8.767,65.752
city:2754394,city:2759887,522,144,8.000,8.000,13.446,100.848
city:2754394,city:2953552,94,26,22.000,23.000,25.100,65.479
city:2755251,city:2759633,432,120,16.000,16.000,24.742,92.784
city:2756987,city:2759706,522,144,10.000,10.000,14.156,84.938
city:2756987,city:2759821,6,2,33.000,33.000,54.062,98.295
city:2756987,city:2759887,522,144,20.000,23.000,35.736,93.224
city:2756987,city:2950159,6,2,478.000,478.000,492.467,61.816
city:2758401,city:2803138,216,60,32.000,33.000,48.335,87.882
city:2759661,city:2934246,14,2,88.000,88.000,103.328,70.451
city:2759661,city:2934691,108,28,50.000,50.000,84.675,101.610
city:2759706,city:2759821,522,144,26.000,26.000,40.145,92.641
city:2759794,city:2759821,528,146,32.000,35.000,41.723,71.526
city:2759794,city:2759879,216,60,20.000,20.000,22.030,66.089
city:2759794,stn:demo:S0574,1580,436,8.000,15.000,11.260,45.038
city:2761353,city:2761369,324,90,32.000,33.000,46.077,83.777
city:2761353,stn:demo:S0114,324,90,74.000,75.000,83.620,66.896
city:2761369,city:2762372,14,2,300.000,300.000,259.659,51.932
city:2761369,city:2766429,748,206,18.000,28.000,54.453,116.686
city:2761369,city:2772400,42,6,100.000,100.000,154.807,92.884
city:2761369,city:2778067,28,8,154.000,154.000,144.766,56.402
city:2761369,city:3052009,160,44,65.000,65.000,110.722,102.205
city:2761369,city:3060972,216,60,62.000,62.000,54.884,53.113
city:2761369,city:3078773,136,38,58.000,58.000,71.829,74.305
city:2762372,city:2774326,108,30,25.000,25.000,34.365,82.475
city:2762372,city:3165072,14,2,98.000,98.000,76.643,46.924
city:2762372,stn:demo:S0298,28,8,32.000,32.000,25.315,47.465
city:2762372,stn:demo:S0576,28,8,108.000,108.000,95.475,53.041
city:2766429,city:2772400,748,206,42.000,43.000,100.628,140.411
city:2766824,city:2772400,668,182,68.000,68.000,108.172,95.446
city:2766824,city:2775220,122,32,108.000,108.000,137.465,76.370
city:2766824,city:2844988,104,28,50.000,50.000,69.084,82.901
city:2766824,city:2867714,28,8,90.000,90.000,115.607,77.072
city:2766824,stn:demo:S0082,28,8,42.000,42.000,44.500,63.572
city:2766824,stn:demo:S0701,66,18,83.000,83.000,81.275,58.753
city:2772400,city:2855328,122,30,62.000,63.000,69.383,66.079
city:2774326,stn:demo:S0114,108,30,123.000,123.000,114.677,55.940
city:2775220,city:2779674,14,2,138.000,138.000,135.681,58.992
city:2775220,city:2867714,14,2,120.000,120.000,98.208,49.104
city:2775220,city:3164527,14,2,238.000,238.000,205.151,51.719
city:2775220,stn:demo:S0104,42,12,40.000,40.000,30.139,45.208
city:2775220,stn:demo:S0328,42,12,51.000,51.000,68.159,80.188
city:2775220,stn:demo:S0336,66,18,48.000,48.000,63.803,79.753
city:2775220,stn:demo:S0701,66,18,33.000,33.000,56.194,102.171
city:2778067,city:3195506,28,8,58.000,58.000,58.956,60.989
city:2778067,stn:demo:S0114,216,60,42.000,43.000,40.464,56.461
city:2779674,city:2781680,66,18,12.000,12.000,19.289,96.444
city:2779674,stn:demo:S0119,80,20,11.000,11.000,11.741,64.044
city:2781503,city:2877550,80,22,12.000,13.000,6.716,30.996
city:2781680,stn:demo:S0336,66,18,56.000,56.000,56.555,60.595
city:2789786,city:2800931,216,60,12.000,13.000,20.718,95.620
city:2790471,city:2800866,108,30,54.000,54.000,56.176,62.417
city:2790471,city:2803073,108,30,88.000,88.000,110.361,75.246
city:2790869,city:2800866,216,60,50.000,50.000,52.186,62.623
city:2791537,city:2800866,428,118,12.000,12.000,21.481,107.403
city:2791537,city:2803138,428,118,20.000,20.000,22.316,66.948
city:2792413,city:2792482,216,60,32.000,33.000,66.806,121.466
city:2792413,city:2800866,132,36,41.000,41.000,89.076,130.355
city:2792413,city:3247449,132,36,23.000,23.000,39.655,103.449
city:2792482,city:2800866,216,60,20.000,20.000,24.926,74.777
city:2797656,city:2800866,432,120,32.000,32.000,49.529,92.867
city:2797656,city:2800931,432,120,20.000,21.000,38.640,110.400
city:2797656,city:2803138,216,60,50.000,50.000,51.325,61.590
city:2800481,city:2800866,216,60,50.000,50.000,49.289,59.147
city:2800866,city:2803138,302,84,34.000,35.000,41.302,70.803
city:2800866,city:2988507,278,76,82.000,82.000,264.309,193.397
city:2800866,city:2998324,122,34,35.000,36.000,94.158,156.930
city:2803073,city:2960316,108,30,33.000,33.000,24.176,43.956
city:2805615,city:2861650,338,90,52.000,53.000,89.492,101.311
city:2805615,city:2910831,14,2,268.000,268.000,286.910,64.234
city:2805615,city:2923822,108,30,33.000,33.000,86.516,157.303
city:2805615,city:2925533,216,58,68.000,68.000,97.444,85.980
city:2805753,city:2886242,108,30,31.000,31.000,38.483,74.484
city:2805753,city:2912621,108,30,15.000,15.000,25.315,101.259
city:2806654,city:2910831,202,56,30.000,30.000,71.377,142.754
city:2806654,city:2945024,108,30,18.000,18.000,24.707,82.357
city:2806654,city:2950159,310,86,46.000,48.000,178.402,223.002
city:2809346,stn:demo:S0224,108,30,18.000,18.000,23.551,78.504
city:2820256,city:2825297,352,98,42.000,43.000,73.561,102.643
city:2820256,city:2954172,352,98,38.000,38.000,67.043,105.857
city:2820693,city:2831924,108,30,23.000,23.000,25.108,65.499
city:2820693,city:2843636,108,30,13.000,13.000,24.804,114.482
city:2825297,city:2831948,108,30,20.000,20.000,14.901,44.704
city:2825297,city:2873891,324,90,36.000,38.000,94.048,148.496
city:2825297,city:2892794,178,50,40.000,40.000,61.864,92.795
city:2825297,city:2907911,108,30,40.000,40.000,78.030,117.045
city:2825297,city:2959927,108,30,70.000,70.000,67.380,57.754
city:2831948,city:2899101,108,30,28.000,28.000,37.174,79.659
city:2835297,city:2849483,80,22,32.000,33.000,34.499,62.725
city:2835297,stn:demo:S0232,80,22,42.000,43.000,53.539,74.706
city:2841648,city:2886242,216,60,20.000,20.000,24.680,74.039
city:2841648,stn:demo:S0431,216,60,16.000,16.000,57.615,216.056
city:2842647,city:2894003,66,18,33.000,33.000,59.947,108.995
city:2842647,city:2988507,66,18,110.000,110.000,342.281,186.699
city:2843636,city:2899101,108,30,28.000,28.000,31.098,66.638
city:2844588,city:2950159,94,26,144.000,145.000,193.326,79.997
city:2844988,city:2867714,146,40,35.000,36.000,51.315,85.524
city:2844988,stn:demo:S0328,42,12,18.000,18.000,30.540,101.801
city:2846939,city:2879139,108,30,33.000,33.000,64.054,116.461
city:2846939,city:2935022,108,30,35.000,35.000,42.251,72.431
city:2847645,city:2856883,94,26,22.000,23.000,41.471,108.185
city:2847645,city:2953552,94,26,12.000,13.000,19.319,89.165
city:2848245,city:2864475,66,18,26.000,26.000,32.496,74.991
city:2848245,city:2926271,66,18,33.000,33.000,56.143,102.078
city:2849483,city:2855328,94,26,62.000,63.000,109.432,104.221
city:2849483,city:2861650,94,26,52.000,53.000,88.951,100.699
city:2849483,city:2881485,80,22,38.000,38.000,54.167,85.527
city:2855328,city:2861650,28,4,158.000,158.000,198.010,75.194
city:2856883,city:2867543,216,60,22.000,23.000,45.042,117.502
city:2856883,city:2910831,94,26,68.000,68.000,114.929,101.408
city:2856883,city:2944388,216,60,48.000,48.000,102.876,128.595
city:2857458,city:2879697,108,30,33.000,33.000,51.238,93.160
city:2857458,city:2944388,108,30,28.000,28.000,40.189,86.118
city:2861650,city:2867714,404,112,58.000,63.000,150.894,143.708
city:2861650,city:2895992,108,30,36.000,36.000,80.665,134.441
city:2861650,city:2929670,216,60,68.000,68.000,169.391,149.463
city:2861650,city:2955936,108,30,13.000,13.000,38.804,179.097
city:2864475,city:2891122,108,30,25.000,25.000,29.190,70.055
city:2864475,city:2911298,174,48,42.000,45.000,58.187,77.582
city:2867543,city:2935517,216,60,28.000,28.000,50.952,109.182
city:2867714,city:2871992,80,22,74.000,75.000,104.719,83.775
city:2867714,city:2881485,80,22,50.000,50.000,61.482,73.778
city:2867714,city:2895992,108,30,33.000,33.000,70.683,128.515
city:2867714,city:2954172,352,98,29.000,30.000,56.478,112.956
city:2871992,city:2877550,80,22,48.000,48.000,61.397,76.747
city:2873891,city:2874225,108,30,43.000,43.000,56.413,78.716
city:2873891,city:2892794,230,64,26.000,28.000,53.536,114.720
city:2873891,city:2894003,66,18,38.000,38.000,50.509,79.751
city:2873891,city:2907911,108,30,13.000,13.000,18.543,85.582
city:2873891,city:2925533,512,142,35.000,38.000,71.378,112.702
city:2873891,stn:demo:S0224,108,30,35.000,35.000,63.141,108.241
city:2874225,city:2886946,108,30,48.000,48.000,64.831,81.039
city:2874545,city:2911522,108,30,48.000,48.000,76.094,95.118
city:2874545,city:2945024,108,30,43.000,43.000,76.794,107.155
city:2875601,city:2911298,108,30,45.000,45.000,57.790,77.053
city:2879139,city:2911522,108,30,25.000,25.000,31.427,75.425
city:2879139,city:2929670,324,90,41.000,43.000,101.499,141.627
city:2879139,city:2950159,216,60,62.000,62.000,149.769,144.938
city:2879697,city:2930596,108,30,18.000,18.000,22.468,74.895
city:2886242,city:2925533,14,2,138.000,138.000,152.631,66.361
city:2886242,city:2934246,878,240,22.000,23.000,34.367,89.653
city:2886242,city:2946447,108,30,23.000,23.000,24.368,63.568
city:2886242,city:3247449,132,36,38.000,38.000,63.276,99.909
city:2886242,stn:demo:S0224,376,104,50.000,53.000,150.724,170.630
city:2886946,city:2946447,108,30,33.000,33.000,54.401,98.912
city:2892518,city:2918632,432,120,18.000,18.000,38.530,128.435
city:2892518,city:2923822,432,120,31.000,33.000,85.951,156.274
city:2892794,city:2907911,108,30,28.000,28.000,48.932,104.854
city:2892794,city:2918632,14,2,358.000,358.000,301.021,50.451
city:2892794,city:2925177,230,62,56.000,58.000,119.811,123.943
city:2892794,city:2973783,84,24,36.000,37.000,67.582,109.593
city:2904789,city:2918632,108,30,28.000,28.000,68.546,146.885
city:2904789,city:2945024,108,30,23.000,23.000,41.259,107.633
city:2907911,city:2938913,108,30,31.000,31.000,51.676,100.018
city:2910831,city:2911298,352,94,78.000,78.000,132.382,101.832
city:2910831,city:2918632,338,92,33.000,33.000,93.965,170.845
city:2910831,city:2944388,108,30,60.000,60.000,100.199,100.199
city:2910831,city:2945024,108,30,33.000,33.000,55.175,100.317
city:2910831,city:2949186,324,90,48.000,48.000,89.956,112.445
city:2910831,city:2950159,108,30,83.000,83.000,249.778,180.563
city:2911007,city:2923822,108,30,30.000,30.000,71.206,142.412
city:2911007,city:2925533,108,30,16.000,16.000,16.529,61.982
city:2911240,city:2912621,108,30,21.000,21.000,42.966,122.760
city:2911240,city:2935517,216,60,13.000,13.000,30.645,141.437
city:2911240,city:2949186,324,90,30.000,30.000,62.727,125.453
city:2911298,city:2944388,216,60,52.000,53.000,94.839,107.365
city:2911298,city:2950159,240,66,92.000,104.000,255.376,147.332
city:2911522,city:2929670,108,30,38.000,38.000,86.401,136.423
city:2911522,city:2950159,108,30,64.000,64.000,151.789,142.302
city:2923822,city:2925533,432,120,50.000,50.000,85.434,102.521
city:2923822,city:2931574,216,60,41.000,41.000,65.594,95.991
city:2925533,city:2938913,108,30,17.000,17.000,27.223,96.081
city:2925533,stn:demo:S0224,592,164,10.000,11.000,10.693,58.325
city:2925535,city:2950159,52,14,55.000,55.000,79.759,87.010
city:2925535,city:3088171,52,14,103.000,103.000,161.638,94.158
city:2926271,stn:demo:S0490,66,18,13.000,13.000,6.455,29.792
city:2928810,city:2934691,756,210,8.000,10.000,17.335,104.010
city:2928810,city:2935517,324,90,21.000,21.000,32.080,91.657
city:2928810,city:2947416,324,90,9.000,10.000,14.417,86.500
city:2929670,city:2931574,216,60,28.000,28.000,50.417,108.037
city:2934246,city:2934691,864,238,11.000,13.000,23.292,107.499
city:2935022,city:2950159,180,50,102.000,112.000,165.387,88.600
city:2935022,city:3067696,6,2,118.000,118.000,117.411,59.701
city:2935022,stn:demo:S0049,80,22,24.000,25.000,32.709,78.503
city:2935517,city:2947416,324,90,10.000,10.000,17.665,105.989
city:2939797,city:2955936,108,30,18.000,18.000,42.328,141.092
city:2939797,city:2959927,108,30,23.000,23.000,33.025,86.152
city:2960316,city:2972811,400,110,22.000,28.000,27.858,59.695
city:2960992,city:2963398,94,26,48.000,48.000,45.030,56.288
city:2962026,city:2964574,240,66,50.000,50.000,77.500,93.000
city:2962026,stn:demo:S0631,240,66,38.000,38.000,51.710,81.648
city:2962943,stn:demo:S0363,108,30,23.000,23.000,33.888,88.405
city:2963398,city:2964574,94,26,94.000,95.000,101.032,63.810
city:2964180,city:3313472,132,36,52.000,53.000,75.794,85.804
city:2964540,city:2964661,160,44,22.000,23.000,31.583,82.390
city:2964574,city:2964661,160,44,30.000,30.000,43.398,86.795
city:2964574,city:3313472,132,36,84.000,85.000,112.431,79.363
city:2964574,stn:demo:S0363,108,30,110.000,110.000,160.219,87.392
city:2965140,stn:demo:S0403,240,66,22.000,23.000,28.441,74.195
city:2969257,city:2989317,52,14,46.000,46.000,76.679,100.017
city:2969257,city:3026204,52,14,28.000,28.000,53.660,114.986
city:2969392,city:2991481,108,30,28.000,28.000,49.173,105.370
city:2969392,city:3024635,108,30,28.000,28.000,46.678,100.024
city:2970777,city:2983990,80,22,60.000,60.000,95.551,95.551
city:2970777,city:2997577,80,22,28.000,28.000,46.742,100.161
city:2971041,city:3021000,80,22,26.000,27.000,31.650,70.334
city:2972191,city:2986495,160,44,23.000,23.000,94.364,246.168
city:2972191,city:2988507,108,30,58.000,58.000,202.990,209.990
city:2972191,city:2995206,52,14,56.000,56.000,188.962,202.460
city:2972191,city:3032213,94,26,28.000,28.000,51.941,111.302
city:2972315,city:2993002,226,60,22.000,23.000,46.518,121.350
city:2972315,city:3028641,66,18,48.000,48.000,84.869,106.086
city:2972328,city:2995469,202,54,42.000,50.000,48.325,57.990
city:2972328,city:3028808,122,32,73.000,73.000,99.722,81.964
city:2972328,stn:demo:S0354,80,22,42.000,43.000,57.912,80.808
city:2972811,city:2994160,400,110,16.000,20.000,26.794,80.382
city:2973783,city:2988507,254,70,106.000,106.000,396.962,224.695
city:2973783,city:2990999,132,36,88.000,88.000,115.219,78.559
city:2973783,city:2991214,56,16,53.000,60.000,97.529,97.529
city:2973783,city:3024297,268,74,27.000,30.000,62.927,125.855
city:2973783,stn:demo:S0384,42,12,33.000,33.000,122.373,222.496
city:2974733,city:2992166,52,14,16.000,16.000,27.473,103.025
city:2974733,city:3032833,52,14,18.000,18.000,39.299,130.996
city:2980291,city:2996944,268,74,47.000,47.000,49.976,63.799
city:2981280,city:2983990,94,26,40.000,40.000,92.544,138.815
city:2981280,stn:demo:S0262,94,26,16.000,16.000,28.797,107.987
city:2982652,city:2988507,188,52,70.000,70.000,112.064,96.055
city:2982652,city:3003796,188,52,58.000,58.000,71.864,74.342
city:2983990,city:2988507,362,100,84.000,86.000,307.758,214.715
city:2983990,city:3003603,80,22,38.000,38.000,140.012,221.071
city:2984114,city:2988507,132,36,46.000,46.000,130.675,170.445
city:2984701,city:2997577,80,22,32.000,33.000,60.770,110.491
city:2986495,city:2988507,66,18,90.000,90.000,293.679,195.786
city:2986495,city:3006787,66,18,73.000,73.000,123.868,101.809
city:2986495,city:3031582,52,14,63.000,63.000,206.490,196.657
city:2986495,city:3037598,108,30,41.000,41.000,104.734,153.270
city:2987914,city:2990919,108,30,31.000,32.000,54.760,102.676
city:2987914,city:3122453,56,16,22.000,22.000,48.253,131.598
city:2988507,city:2989317,146,40,62.000,62.000,110.722,107.151
city:2988507,city:2990363,52,14,180.000,180.000,578.706,192.902
city:2988507,city:2990474,108,30,118.000,118.000,215.862,109.760
city:2988507,city:2990999,122,34,92.000,92.000,281.743,183.746
city:2988507,city:2991214,80,22,172.000,172.000,388.080,135.377
city:2988507,city:2994160,80,22,82.000,83.000,280.561,202.815
city:2988507,city:2995469,94,24,200.000,200.000,660.501,198.150
city:2988507,city:2996944,282,78,116.000,116.000,393.224,203.392
city:2988507,city:2998324,282,78,60.000,62.000,204.382,197.789
city:2988507,city:3003603,188,52,54.000,55.000,184.489,201.261
city:2988507,city:3014728,94,26,180.000,180.000,481.634,160.545
city:2988507,city:3016702,14,2,600.000,600.000,555.674,55.567
city:2988507,city:3021372,132,36,96.000,98.000,261.727,160.241
city:2988507,city:3027422,66,18,170.000,170.000,454.200,160.306
city:2988507,city:3029241,108,30,115.000,115.000,200.885,104.810
city:2988507,city:3029974,14,2,360.000,360.000,415.432,69.239
city:2988507,city:3031582,306,84,124.000,124.000,498.566,241.242
city:2988507,city:3035681,108,30,158.000,158.000,577.038,219.128
city:2988507,city:3036784,80,22,50.000,50.000,163.093,195.712
city:2988507,city:3037854,66,18,75.000,75.000,116.429,93.143
city:2988507,stn:demo:S0145,42,12,45.000,45.000,126.504,168.671
city:2988507,stn:demo:S0396,108,30,100.000,100.000,339.072,203.443
city:2988507,stn:demo:S0656,150,42,132.000,132.000,473.553,215.251
city:2989317,city:3032213,94,26,30.000,31.000,54.973,106.399
city:2990363,city:2992166,296,82,22.000,25.000,46.122,110.693
city:2990363,city:2996944,28,8,108.000,108.000,216.136,120.076
city:2990363,city:3036938,66,18,18.000,18.000,28.189,93.964
city:2990363,stn:demo:S0656,150,42,41.000,41.000,137.520,201.249
city:2990440,city:2993458,216,60,20.000,20.000,13.047,39.142
city:2990440,city:3028808,14,2,48.000,48.000,26.469,33.086
city:2990440,city:3037456,188,52,14.000,16.000,17.684,66.315
city:2990474,city:2991481,108,30,30.000,30.000,49.065,98.131
city:2990919,city:2992166,28,8,38.000,38.000,85.153,134.453
city:2990919,city:3028641,66,18,28.000,28.000,53.036,113.649
city:2990919,city:3032833,146,40,12.000,15.000,24.539,98.156
city:2990969,city:3006787,42,12,108.000,108.000,121.145,67.303
city:2990969,city:3037656,272,76,30.000,31.000,80.570,155.942
city:2991214,city:3024297,216,60,22.000,23.000,36.609,95.502
city:2991214,stn:demo:S0060,136,38,22.000,22.000,37.095,101.167
city:2991772,city:3030300,94,26,24.000,25.000,52.815,126.755
city:2991772,stn:demo:S0262,94,26,28.000,28.000,49.696,106.492
city:2992166,city:3032833,94,26,28.000,31.000,61.283,118.612
city:2993002,city:3029213,66,16,43.000,43.000,48.429,67.576
city:2993002,city:3038634,160,44,28.000,28.000,62.059,132.983
city:2993458,city:2994497,216,60,10.000,10.000,7.965,47.788
city:2994497,city:3164582,216,60,16.000,16.000,8.504,31.889
city:2995206,city:2996944,28,8,122.000,122.000,383.533,188.623
city:2995206,city:3003603,164,46,46.000,46.000,173.542,226.359
city:2995206,stn:demo:S0410,188,52,28.000,28.000,39.902,85.504
city:2995469,city:3035681,220,62,28.000,30.000,85.833,171.665
city:2995469,city:3036938,66,18,48.000,48.000,73.841,92.301
city:2995469,stn:demo:S0011,160,44,12.000,12.000,18.347,91.733
city:2996882,city:2996944,132,36,44.000,45.000,62.845,83.793
city:2996882,city:3027484,132,36,28.000,28.000,51.970,111.365
city:2996944,city:3014728,216,60,80.000,80.000,92.698,69.524
city:2996944,city:3027422,42,12,80.000,80.000,85.825,64.369
city:2996944,city:3035681,192,54,68.000,71.000,200.255,169.229
city:2996944,stn:demo:S0072,56,16,93.000,113.000,192.832,102.389
city:2996944,stn:demo:S0410,150,42,112.000,113.000,380.292,201.925
city:2996944,stn:demo:S0656,80,22,40.000,40.000,84.887,127.330
city:2998286,city:3026204,52,14,58.000,58.000,114.106,118.040
city:2998286,city:3029974,52,14,63.000,63.000,78.260,74.533
city:2998324,stn:demo:S0008,254,70,52.000,52.000,184.535,212.925
city:3003603,city:3037656,272,76,38.000,38.000,81.633,128.894
city:3006787,city:3031582,42,12,140.000,140.000,153.587,65.823
city:3016702,stn:demo:S0107,14,2,98.000,98.000,57.923,35.463
city:3017253,city:3028808,80,22,22.000,23.000,25.932,67.649
city:3017253,stn:demo:S0354,80,22,12.000,13.000,20.879,96.366
city:3021000,city:3036784,80,22,14.000,14.000,22.806,97.739
city:3021372,city:3027484,132,36,32.000,33.000,60.423,109.860
city:3021372,stn:demo:S0072,80,22,26.000,26.000,70.902,163.620
city:3021372,stn:demo:S0226,52,14,72.000,72.000,100.592,83.826
city:3021670,city:3031582,52,14,68.000,68.000,131.274,115.830
city:3021670,city:3034475,52,14,28.000,28.000,41.512,88.954
city:3025466,city:3029241,108,30,68.000,68.000,104.022,91.784
city:3027422,city:3037543,66,18,53.000,53.000,41.270,46.720
city:3027422,stn:demo:S0428,42,12,62.000,62.000,71.870,69.552
city:3028808,city:3037456,188,52,10.000,10.000,9.627,57.760
city:3029213,city:3029974,66,16,58.000,63.000,79.294,75.518
city:3031133,city:3038789,66,18,53.000,53.000,70.669,80.003
city:3031582,city:3037598,108,30,37.000,37.000,106.714,173.050
city:3031582,city:3038634,160,44,62.000,63.000,118.820,113.162
city:3032797,city:3034475,52,14,8.000,8.000,6.908,51.807
city:3032797,city:3120304,52,14,20.000,20.000,24.504,73.512
city:3035681,stn:demo:S0011,160,44,20.000,20.000,68.379,205.138
city:3035681,stn:demo:S0656,80,22,30.000,30.000,116.740,233.480
city:3037854,city:3038789,66,18,33.000,33.000,40.286,73.247
city:3044082,city:3052009,108,30,43.000,43.000,56.790,79.242
city:3044082,city:3054643,108,30,48.000,48.000,50.591,63.239
city:3044774,city:3045332,14,4,33.000,33.000,41.506,75.466
city:3044774,city:3054643,14,4,55.000,55.000,58.565,63.889
city:3045332,city:3047679,14,4,108.000,108.000,95.585,53.103
city:3046526,city:3053590,108,30,53.000,53.000,34.131,38.639
city:3047679,city:3197728,14,4,48.000,48.000,34.528,43.160
city:3050434,city:3054543,216,60,22.000,23.000,30.746,80.206
city:3050434,city:715429,216,60,68.000,68.000,80.591,71.110
city:3052009,city:3054643,52,14,90.000,90.000,107.376,71.584
city:3053163,city:3054643,80,22,62.000,63.000,39.669,37.780
city:3053163,city:3060972,80,22,68.000,68.000,127.952,112.899
city:3053590,stn:demo:S0569,108,30,53.000,53.000,67.698,76.639
city:3054543,city:3054643,216,60,44.000,45.000,67.701,90.269
city:3054643,city:715126,230,62,70.000,70.000,94.128,80.682
city:3054643,city:717582,258,72,123.000,125.000,146.174,70.163
city:3054643,stn:demo:S0569,108,30,70.000,70.000,75.031,64.312
city:3056508,city:3057140,132,36,48.000,48.000,62.451,78.064
city:3056508,city:723846,132,36,82.000,83.000,114.788,82.979
city:3057124,city:3057140,132,36,42.000,43.000,66.606,92.939
city:3057124,city:3060972,132,36,30.000,30.000,43.708,87.416
city:3060972,city:3078773,80,22,48.000,48.000,69.911,87.389
city:3063548,city:3067696,80,22,70.000,71.000,69.381,58.632
city:3063548,city:3077244,80,22,14.000,15.000,18.640,74.560
city:3064379,city:3067696,108,30,85.000,85.000,76.816,54.223
city:3064379,city:3077916,108,30,58.000,58.000,50.703,52.451
city:3065281,city:3068799,70,20,8.000,8.000,9.935,74.512
city:3065281,city:3096472,70,20,65.000,65.000,62.008,57.238
city:3067696,city:3068160,296,82,88.000,90.000,83.739,55.826
city:3067696,city:3068582,550,152,53.000,60.000,96.919,96.919
city:3067696,city:3073371,108,30,40.000,40.000,56.013,84.019
city:3068160,stn:demo:S0232,80,22,72.000,73.000,61.952,50.919
city:3068582,city:3069011,362,100,68.000,73.000,116.839,96.032
city:3068582,city:3073371,108,30,18.000,18.000,41.221,137.402
city:3068582,city:3077920,108,30,33.000,33.000,50.090,91.073
city:3068582,city:3078610,188,52,88.000,96.000,111.473,69.671
city:3068799,city:3069011,362,100,53.000,53.000,78.702,89.097
city:3068799,city:3078773,28,8,102.000,102.000,156.880,92.283
city:3077244,stn:demo:S0049,80,22,12.000,13.000,15.767,72.769
city:3077920,city:3078610,108,30,58.000,58.000,79.734,82.483
city:3078610,city:3078773,188,52,32.000,32.000,52.471,98.383
city:3081368,city:3090048,160,44,58.000,58.000,79.082,81.809
city:3081368,city:3093133,80,22,158.000,158.000,184.947,70.233
city:3081368,city:3093524,132,36,70.000,70.000,87.854,75.303
city:3083829,city:3084840,160,44,18.000,18.000,34.514,115.045
city:3084840,city:3088171,160,44,118.000,120.000,163.121,81.560
city:3085151,city:3099424,108,30,10.000,10.000,8.763,52.577
city:3085151,city:3099434,108,30,10.000,10.000,11.505,69.031
city:3088171,city:3093524,132,36,38.000,38.000,67.501,106.581
city:3088171,city:3094170,52,14,108.000,108.000,166.599,92.555
city:3088171,city:3095321,160,44,48.000,48.000,92.103,115.129
city:3088171,city:3102014,80,22,78.000,78.000,107.731,82.870
city:3090048,city:3099230,160,44,42.000,43.000,67.419,94.074
city:3092472,city:3097902,108,30,48.000,48.000,60.482,75.603
city:3092472,city:3099434,108,30,31.000,31.000,42.901,83.034
city:3093133,city:756135,296,82,74.000,75.000,117.003,93.602
city:3094170,city:3095321,160,44,32.000,33.000,75.803,137.823
city:3094170,city:756135,212,58,48.000,75.000,112.215,89.772
city:3094802,city:3096472,160,44,70.000,70.000,68.798,58.969
city:3094802,city:756135,240,66,138.000,140.000,252.498,108.213
city:3094802,city:757026,108,30,60.000,60.000,75.204,75.204
city:3096472,city:3099230,160,44,28.000,28.000,24.886,53.327
city:3096472,city:3103402,80,22,58.000,58.000,48.653,50.331
city:3096472,city:756135,188,52,158.000,160.000,259.162,97.186
city:3097902,city:756135,108,30,83.000,83.000,180.118,130.205
city:3099424,city:3099434,80,22,22.000,22.000,20.019,54.597
city:3099434,city:3102014,80,22,108.000,108.000,142.997,79.443
city:3099434,city:756135,80,22,166.000,166.000,283.447,102.451
city:3104324,city:3107418,42,12,38.000,38.000,75.238,118.797
city:3104324,city:3118514,160,44,42.000,43.000,124.692,173.989
city:3104324,city:3127047,202,56,22.000,23.000,72.103,188.094
city:3104342,city:3117735,94,26,84.000,85.000,209.956,148.204
city:3104342,stn:demo:S0565,94,26,28.000,28.000,96.895,207.633
city:3104499,city:3110044,42,12,93.000,93.000,76.547,49.385
city:3104499,city:3116689,42,12,23.000,23.000,28.839,75.232
city:3105976,city:3113209,42,12,23.000,23.000,22.957,59.888
city:3106672,city:3109256,282,78,28.000,28.000,93.495,200.346
city:3106672,city:3114531,66,18,18.000,18.000,42.706,142.353
city:3106672,city:3117735,70,20,60.000,60.000,162.204,162.204
city:3106672,city:3127461,70,20,48.000,48.000,113.756,142.195
city:3107418,city:3114472,42,12,48.000,48.000,84.036,105.045
city:3108288,city:3128760,160,44,54.000,55.000,82.047,89.506
city:3109256,city:3117735,282,78,28.000,28.000,68.727,147.271
city:3109642,city:3113209,42,12,48.000,48.000,50.631,63.289
city:3109642,city:3114965,136,38,33.000,38.000,82.270,129.901
city:3109642,city:3119841,94,26,28.000,28.000,55.914,119.815
city:3110044,city:3120304,42,12,18.000,18.000,15.294,50.981
city:3114531,city:3118532,66,18,43.000,43.000,108.230,151.019
city:3114711,city:3118532,66,18,78.000,78.000,87.435,67.258
city:3114711,city:3121424,66,18,28.000,28.000,24.482,52.462
city:3114965,city:3117735,42,12,145.000,145.000,407.551,168.642
city:3114965,stn:demo:S0565,94,26,22.000,23.000,104.173,271.756
city:3116689,city:3127461,70,20,28.000,28.000,72.826,156.057
city:3116689,city:3128026,28,8,102.000,102.000,64.096,37.704
city:3117735,city:3124132,424,116,54.000,55.000,138.755,151.369
city:3117735,city:3128760,188,52,150.000,150.000,504.242,201.697
city:3117735,stn:demo:S0261,202,56,24.000,25.000,53.728,128.946
city:3118514,stn:demo:S0131,160,44,22.000,23.000,71.869,187.484
city:3121456,city:3122453,216,60,14.000,15.000,33.462,133.849
city:3121456,city:3128760,216,60,38.000,38.000,86.170,136.058
city:3124132,stn:demo:S0541,240,66,28.000,28.000,104.933,224.857
city:3127047,stn:demo:S0261,202,56,28.000,28.000,149.452,320.255
city:3128760,stn:demo:S0131,160,44,28.000,28.000,77.369,165.791
city:3133880,stn:demo:S0605,28,8,120.000,120.000,84.593,42.296
city:3133880,stn:demo:S0611,66,18,48.000,48.000,44.333,55.416
city:3137115,stn:demo:S0202,52,14,78.000,78.000,59.695,45.919
city:3140084,city:3154209,52,14,18.000,18.000,23.737,79.122
city:3140084,city:3156529,52,14,8.000,8.000,12.572,94.291
city:3143244,city:3145375,52,14,28.000,28.000,53.460,114.557
city:3143244,city:3147465,42,12,13.000,13.000,17.556,81.026
city:3143244,city:3159016,118,32,35.000,35.000,35.617,61.058
city:3143244,stn:demo:S0480,66,18,23.000,23.000,36.781,95.949
city:3145375,city:3156529,52,14,23.000,23.000,28.543,74.461
city:3145614,city:3160881,28,8,178.000,178.000,108.326,36.514
city:3145614,stn:demo:S0437,28,8,88.000,88.000,68.218,46.512
city:3147465,stn:demo:S0321,42,12,38.000,38.000,58.726,92.726
city:3147474,city:3154084,66,18,43.000,43.000,48.231,67.300
city:3147474,stn:demo:S0484,66,18,68.000,68.000,88.204,77.827
city:3149318,city:3149563,52,14,193.000,193.000,194.058,60.329
city:3149318,stn:demo:S0202,52,14,113.000,113.000,121.437,64.480
city:3149563,city:3159016,52,14,43.000,43.000,32.200,44.930
city:3154084,stn:demo:S0480,66,18,50.000,50.000,66.904,80.285
city:3159016,stn:demo:S0285,66,18,58.000,58.000,47.252,48.881
city:3161732,stn:demo:S0682,66,18,73.000,73.000,65.194,53.584
city:3163995,city:3171366,132,36,18.000,18.000,25.123,83.744
city:3163995,city:3176219,132,36,48.000,48.000,65.458,81.823
city:3164419,city:3164527,268,74,22.000,22.000,44.805,122.194
city:3164419,city:3171728,268,74,12.000,14.000,30.562,130.979
city:3164527,city:3165243,66,18,53.000,53.000,70.672,80.006
city:3164527,city:3168854,42,12,56.000,56.000,50.376,53.974
city:3164527,city:3177610,188,52,16.000,16.000,35.925,134.719
city:3164527,city:3181554,80,22,32.000,33.000,61.684,112.154
city:3164527,city:3181928,122,32,53.000,53.000,108.498,122.828
city:3164582,city:3167777,52,14,18.000,18.000,13.867,46.223
city:3164603,city:3173529,456,126,10.000,10.000,9.116,54.695
city:3165072,city:3165201,108,30,68.000,68.000,89.136,78.650
city:3165072,city:3181928,14,2,238.000,238.000,229.662,57.898
city:3165185,city:3173529,132,36,120.000,120.000,120.488,60.244
city:3165201,city:3173529,108,30,20.000,20.000,19.468,58.404
city:3165243,city:3168854,42,12,15.000,15.000,20.692,82.768
city:3165243,city:3181913,108,30,28.000,28.000,49.928,106.989
city:3165524,city:3173435,310,86,50.000,51.000,125.484,147.628
city:3165524,city:3182714,108,30,35.000,35.000,45.050,77.229
city:3165524,stn:demo:S0428,42,12,88.000,88.000,80.824,55.107
city:3167022,city:3167777,52,14,63.000,63.000,78.220,74.495
city:3167022,city:3176219,52,14,38.000,38.000,38.643,61.015
city:3168673,city:3172394,296,82,38.000,38.000,48.398,76.418
city:3168673,city:6534232,80,22,128.000,128.000,230.302,107.954
city:3168673,stn:demo:S0676,28,8,248.000,248.000,282.585,68.367
city:3169070,city:3172394,766,210,70.000,71.000,186.693,157.769
city:3169070,city:3173435,160,44,178.000,179.000,478.599,160.424
city:3169070,city:3176959,752,202,86.000,92.000,233.835,152.501
city:3169070,city:3178587,66,18,68.000,68.000,63.156,55.726
city:3169070,city:3179866,80,22,64.000,65.000,176.942,163.331
city:3169361,city:3171173,108,30,16.000,16.000,32.577,122.165
city:3169361,city:3181928,108,30,53.000,53.000,109.033,123.434
city:3169522,city:3173435,456,126,33.000,33.000,141.662,257.567
city:3169522,city:3181928,456,126,12.000,15.000,60.456,241.823
city:3170647,city:3174659,66,18,15.000,15.000,19.299,77.198
city:3170647,city:3175081,66,18,53.000,53.000,63.890,72.328
city:3170647,city:3177400,216,60,32.000,33.000,43.734,79.516
city:3171168,city:3176885,108,30,83.000,83.000,157.497,113.853
city:3171168,city:3183089,108,30,78.000,78.000,139.588,107.376
city:3171173,city:3183089,108,30,25.000,25.000,58.335,140.005
city:3171366,city:3173435,132,36,24.000,25.000,30.362,72.870
city:3171728,city:3173529,456,126,12.000,13.000,29.549,136.380
city:3171728,city:3177090,188,52,30.000,30.000,66.704,133.408
city:3172394,stn:demo:S0676,14,2,358.000,358.000,315.439,52.867
city:3173435,city:3176219,52,14,95.000,95.000,119.380,75.398
city:3173435,city:3177532,94,26,78.000,88.000,100.449,68.488
city:3173435,city:3178229,122,34,46.000,46.000,39.125,51.033
city:3173435,city:3181554,268,74,36.000,36.000,80.294,133.824
city:3173435,city:3181928,122,32,65.000,65.000,200.544,185.118
city:3174659,city:3175786,66,18,76.000,76.000,107.631,84.972
city:3174953,city:3182351,108,30,88.000,88.000,138.911,94.712
city:3175081,city:3176219,66,18,75.000,75.000,77.659,62.127
city:3175786,city:3178587,66,18,63.000,63.000,93.423,88.974
city:3176219,city:3183299,108,30,48.000,48.000,62.014,77.517
city:3176885,city:3182179,80,22,72.000,73.000,74.205,60.990
city:3176885,city:3182351,188,52,62.000,63.000,116.343,110.802
city:3176959,city:3177400,216,60,24.000,25.000,24.941,59.858
city:3176959,city:3181928,752,202,36.000,36.000,79.798,132.996
city:3177090,city:3181928,188,52,22.000,23.000,44.293,115.546
city:3177532,stn:demo:S0108,94,26,28.000,28.000,32.529,69.705
city:3177610,city:3181554,188,52,16.000,17.000,26.009,91.795
city:3179866,city:3182179,80,22,38.000,38.000,37.912,59.861
city:3181913,stn:demo:S0104,42,12,58.000,58.000,58.290,60.300
city:3182714,city:3183299,108,30,23.000,23.000,31.715,82.736
city:3186886,city:3196359,80,22,140.000,140.000,116.903,50.101
city:3186886,city:3197728,14,4,108.000,108.000,76.404,42.447
city:3186886,city:3345300,28,8,50.000,50.000,48.935,58.722
city:3190261,stn:demo:S0311,28,8,88.000,88.000,62.249,42.442
city:3194360,city:792680,428,118,36.000,36.000,70.107,116.845
city:3195506,city:3202781,188,52,48.000,48.000,46.683,58.353
city:3196359,city:3202781,188,52,58.000,65.000,61.533,56.800
city:3196359,stn:demo:S0298,28,8,58.000,58.000,54.383,56.258
city:3345300,stn:demo:S0311,28,8,238.000,238.000,169.230,42.663
city:602150,city:606531,14,2,398.000,398.000,232.073,34.986
city:604490,city:606531,14,2,38.000,38.000,34.247,54.074
city:632453,city:634963,132,36,84.000,85.000,150.164,105.998
city:632453,city:649360,216,60,35.000,35.000,83.702,143.489
city:632453,city:658225,668,184,6.000,6.000,15.032,150.323
city:632453,city:659180,320,88,45.000,45.000,84.131,112.174
city:633679,city:634963,108,30,105.000,105.000,142.404,81.373
city:633679,city:637948,216,60,38.000,38.000,48.065,75.892
city:634963,city:637219,132,36,68.000,68.000,152.404,134.474
city:634963,city:659180,320,88,33.000,33.000,66.650,121.181
city:637219,city:651943,132,36,82.000,83.000,117.067,84.626
city:637948,city:660158,216,60,58.000,58.000,86.003,88.969
city:641869,city:646005,108,30,28.000,28.000,68.374,146.516
city:641869,city:650224,108,30,78.000,78.000,71.505,55.004
city:643492,city:651943,132,36,82.000,83.000,172.105,124.413
city:646005,city:650859,108,30,58.000,58.000,96.371,99.694
city:648900,city:650859,108,30,43.000,43.000,83.135,116.003
city:649360,city:650859,216,60,28.000,28.000,57.579,123.383
city:6534232,stn:demo:S0676,80,22,78.000,78.000,101.246,77.881
city:658225,city:660158,216,60,12.000,13.000,16.154,74.555
city:670474,city:683506,132,36,40.000,40.000,58.005,87.008
city:670474,city:683844,132,36,118.000,118.000,84.057,42.741
city:679452,city:683844,14,2,298.000,298.000,211.517,42.587
city:679452,city:686254,14,2,118.000,118.000,126.695,64.421
city:680332,city:683506,80,22,170.000,170.000,183.747,64.852
city:680963,city:683506,132,36,140.000,140.000,203.091,87.039
city:683506,city:683844,14,2,158.000,158.000,140.845,53.486
city:686254,city:722437,14,2,58.000,58.000,58.024,60.025
city:715126,city:721472,216,60,78.000,78.000,114.293,87.918
city:715126,city:722437,14,2,88.000,88.000,88.007,60.005
city:716935,city:721472,216,60,32.000,33.000,47.618,86.578
city:717582,city:724443,42,12,75.000,75.000,76.635,61.308
city:723526,city:723846,132,36,18.000,18.000,23.201,77.336
city:723526,city:724443,132,36,42.000,43.000,57.049,79.604
city:726050,city:731233,42,12,208.000,208.000,179.382,51.745
city:726848,city:728193,42,12,78.000,78.000,79.669,61.284
city:726848,city:732770,42,12,168.000,168.000,150.017,53.578
city:727011,city:728193,122,34,150.000,150.000,131.720,52.688
city:727011,city:728203,42,12,180.000,180.000,132.074,44.025
city:728203,city:731233,42,12,78.000,78.000,93.579,71.984
city:756135,city:760924,132,36,90.000,90.000,111.839,74.560
city:756135,city:776069,108,30,130.000,130.000,176.483,81.454
city:757026,city:759734,108,30,58.000,58.000,72.357,74.852
city:759734,city:761168,108,30,63.000,63.000,61.957,59.006
city:760924,city:765876,132,36,32.000,33.000,45.631,82.965
stn:demo:S0008,stn:demo:S0410,254,70,18.000,18.000,21.502,71.674
stn:demo:S0040,stn:demo:S0321,42,12,48.000,48.000,67.922,84.903
stn:demo:S0060,stn:demo:S0072,136,38,18.000,22.000,77.505,211.376
stn:demo:S0061,stn:demo:S0396,108,30,66.000,66.000,82.877,75.343
stn:demo:S0082,stn:demo:S0576,28,8,12.000,12.000,11.707,58.534
stn:demo:S0108,stn:demo:S0596,52,14,38.000,38.000,47.128,74.413
stn:demo:S0108,stn:demo:S0679,474,132,6.000,6.000,8.604,86.037
stn:demo:S0119,stn:demo:S0570,80,20,15.000,15.000,13.903,55.613
stn:demo:S0145,stn:demo:S0419,42,12,18.000,18.000,96.627,322.091
stn:demo:S0182,stn:demo:S0476,66,18,63.000,63.000,64.862,61.773
stn:demo:S0182,stn:demo:S0484,66,18,33.000,33.000,39.813,72.388
stn:demo:S0219,stn:demo:S0239,66,18,43.000,43.000,39.095,54.552
stn:demo:S0219,stn:demo:S0444,66,18,28.000,28.000,25.534,54.715
stn:demo:S0224,stn:demo:S0431,216,60,14.000,15.000,68.562,274.250
stn:demo:S0226,stn:demo:S0660,52,14,14.000,14.000,23.140,99.173
stn:demo:S0239,stn:demo:S0250,66,18,33.000,33.000,44.483,80.879
stn:demo:S0250,stn:demo:S0285,66,18,83.000,83.000,93.242,67.404
stn:demo:S0293,stn:demo:S0596,216,60,20.000,21.000,14.425,41.214
stn:demo:S0337,stn:demo:S0570,216,60,10.000,11.000,13.976,76.234
stn:demo:S0363,stn:demo:S0403,240,66,18.000,18.000,50.388,167.961
stn:demo:S0363,stn:demo:S0631,240,66,18.000,18.000,33.568,111.893
stn:demo:S0384,stn:demo:S0419,42,12,18.000,18.000,65.623,218.742
stn:demo:S0437,stn:demo:S0605,28,8,208.000,208.000,217.671,62.790
stn:demo:S0444,stn:demo:S0682,66,18,53.000,53.000,40.307,45.631
stn:demo:S0476,stn:demo:S0611,66,18,58.000,58.000,57.403,59.382
stn:demo:S0596,stn:demo:S0679,216,60,28.000,28.000,46.250,99.108
